id,cognate_class_id,name,doubtful
1,1,"002-004
",False
2,2,"005-100
",True
3,3,"006-101
",True
4,4,"007-206
",False
5,5,"008-210
",False
6,6,"010-100
",True
7,7,"012-002
",False
9,9,"014-008
",False
11,11,"017-204
",False
12,12,"020-206
",False
13,13,"022-208
",False
14,14,"023-005
",False
15,15,"024-210
",False
16,16,"026-100
",True
18,18,"028-003
",False
20,20,"030-013
",False
21,21,"031-003
",False
22,22,"032-006
",False
24,24,"035-010
",False
25,25,"036-002
",False
27,27,"038-007
",False
28,28,"039-007
",False
29,29,"040-006
",False
30,30,"041-010
",False
31,31,"042-206
",False
33,33,"044-210
",False
34,34,"045-009
",False
35,35,"047-008
",False
38,38,"051-006
",False
39,39,"052-002
",False
40,40,"054-215
",False
41,41,"055-003
",False
42,42,"057-200
",False
43,43,"058-202
",False
44,44,"059-002
",False
45,45,"060-200
",False
46,46,"061-004
",False
48,48,"065-012
",False
50,50,"067-008
",False
53,53,"071-205
",False
54,54,"072-004
",False
56,56,"074-004
",False
57,57,"075-002
",False
58,58,"076-004
",False
60,60,"080-004
",False
61,61,"081-006
",False
62,62,"082-200
",False
64,64,"084-210
",False
65,65,"085-205
",False
67,67,"089-207
",False
68,68,"090-010
",False
70,70,"092-003
",False
71,71,"093-207
",False
72,72,"095-005
",False
76,76,"099-215
",False
77,77,"100-206
",False
78,78,"101-004
",False
79,79,"103-200
",False
80,80,"104-205
",False
81,81,"105-100
",True
82,82,"106-003
",False
83,83,"107-212
",False
84,84,"108-203
",False
86,86,"110-200
",False
87,87,"111-002
",False
88,88,"112-009
",False
89,89,"113-005
",False
91,91,"115-200
",False
93,93,"117-212
",False
94,94,"118-002
",False
95,95,"119-005
",False
96,96,"120-015
",False
98,98,"122-200
",False
99,99,"123-100
",True
100,100,"124-204
",False
101,101,"125-208
",False
103,103,"127-204
",False
104,104,"128-009
",False
105,105,"129-009
",False
108,108,"133-204
",False
110,110,"135-009
",False
111,111,"136-003
",False
113,113,"138-004
",False
114,114,"139-002
",False
115,115,"140-005
",False
116,116,"141-007
",False
118,118,"143-204
",False
119,119,"144-004
",False
121,121,"147-202
",False
122,122,"148-010
",False
123,123,"149-200
",False
124,124,"150-200
",False
125,125,"151-003
",False
126,126,"152-002
",False
127,127,"153-204
",False
128,128,"154-005
",False
129,129,"157-100
",True
130,130,"158-002
",False
131,131,"159-004
",False
132,132,"160-008
",False
133,133,"162-007
",False
136,136,"165-009
",False
137,137,"166-011
",False
138,138,"167-010
",False
139,139,"168-206
",False
140,140,"169-002
",False
142,142,"172-007
",False
143,143,"173-002
",False
145,145,"175-200
",False
146,146,"176-002
",False
147,147,"177-005
",False
148,148,"178-006
",False
150,150,"180-004
",False
151,151,"181-201
",False
153,153,"183-002
",False
154,154,"184-008
",False
156,156,"187-007
",False
157,157,"188-203
",False
159,159,"190-203
",False
160,160,"191-003
",False
161,161,"192-200
",False
162,162,"193-204
",False
165,165,"196-209
",False
166,166,"198-205
",False
168,168,"200-011
",False
169,169,"201-200
",False
171,171,"203-214
",False
172,172,"204-200
",False
173,173,"206-011
",False
175,175,"001-004
",False
176,176,"002-009
",False
177,177,"003-005
",False
178,178,"004-007
",False
180,180,"006-209
",False
181,181,"007-007
",False
182,182,"008-203
",False
183,183,"009-006
",False
185,185,"011-009
",False
186,186,"012-206
",False
187,187,"013-002
",False
188,188,"014-003
",False
189,189,"015-004
",False
190,190,"016-203
",False
191,191,"017-006
",False
192,192,"019-005
",False
193,193,"020-003
",False
194,194,"021-003
",False
195,195,"022-003
",False
196,196,"023-002
",False
198,198,"025-201
",False
199,199,"026-004
",False
200,200,"027-004
",False
201,201,"028-201
",False
202,202,"029-205
",False
203,203,"030-210
",False
204,204,"032-003
",False
205,205,"033-004
",False
207,207,"035-203
",False
208,208,"036-200
",False
209,209,"037-004
",False
210,210,"038-006
",False
211,211,"040-002
",False
212,212,"041-200
",False
214,214,"043-006
",False
215,33,"044-216
",False
216,215,"045-011
",False
218,217,"047-208
",False
219,218,"048-202
",False
220,219,"050-003
",False
221,220,"051-009
",False
222,221,"053-006
",False
223,222,"054-204
",False
224,223,"055-002
",False
225,224,"056-006
",False
226,42,"057-205
",False
227,225,"058-200
",False
228,226,"060-207
",False
229,227,"061-006
",False
230,228,"063-002
",False
231,229,"064-003
",False
232,230,"065-007
",False
233,231,"066-003
",False
234,232,"067-205
",False
236,234,"069-003
",False
237,235,"070-204
",False
239,237,"072-003
",False
240,238,"074-008
",False
241,239,"075-003
",False
242,240,"076-200
",False
243,241,"077-200
",False
244,242,"079-200
",False
245,243,"080-007
",False
246,244,"081-209
",False
247,245,"083-005
",False
248,246,"084-212
",False
250,248,"086-207
",False
251,249,"088-200
",False
252,250,"089-005
",False
253,251,"090-200
",False
254,252,"091-204
",False
255,253,"092-006
",False
256,71,"093-202
",False
257,254,"094-003
",False
258,255,"095-002
",False
259,256,"096-002
",False
260,257,"097-200
",False
262,76,"099-205
",False
263,259,"100-203
",False
264,260,"101-006
",False
265,79,"103-202
",False
266,261,"104-200
",False
267,262,"105-007
",False
268,263,"107-207
",False
269,264,"108-201
",False
270,265,"109-205
",False
271,266,"111-004
",False
272,267,"112-005
",False
273,268,"114-006
",False
274,269,"116-205
",False
275,93,"117-220
",False
276,270,"118-205
",False
277,271,"119-004
",False
278,272,"120-012
",False
279,273,"121-002
",False
281,275,"123-200
",False
282,276,"124-200
",False
284,278,"126-209
",False
286,280,"128-006
",False
287,281,"129-200
",False
288,282,"131-204
",False
289,283,"132-002
",False
290,284,"133-004
",False
291,285,"134-005
",False
292,286,"135-207
",False
293,287,"136-202
",False
294,288,"137-005
",False
295,289,"138-200
",False
296,290,"139-004
",False
297,291,"140-004
",False
298,292,"141-003
",False
299,293,"142-005
",False
300,294,"143-200
",False
301,295,"144-202
",False
304,298,"147-002
",False
305,299,"148-003
",False
306,300,"149-002
",False
307,301,"150-209
",False
308,302,"151-203
",False
309,303,"152-004
",False
310,304,"153-202
",False
311,305,"154-206
",False
312,306,"155-002
",False
313,307,"156-002
",False
314,308,"157-003
",False
315,309,"158-205
",False
316,310,"160-013
",False
317,311,"161-004
",False
318,312,"162-203
",False
319,313,"163-206
",False
320,314,"164-203
",False
321,315,"165-002
",False
322,316,"166-002
",False
323,317,"167-202
",False
324,318,"168-200
",False
325,319,"169-203
",False
326,320,"171-212
",False
327,321,"172-002
",False
328,322,"173-003
",False
329,323,"174-205
",False
330,324,"175-003
",False
331,325,"177-215
",False
332,326,"178-203
",False
333,327,"179-200
",False
334,328,"180-003
",False
335,329,"181-004
",False
336,330,"182-003
",False
337,331,"184-003
",False
338,332,"185-014
",False
339,333,"186-002
",False
340,334,"187-006
",False
341,335,"188-004
",False
342,336,"190-004
",False
343,337,"193-200
",False
344,338,"194-205
",False
346,340,"196-200
",False
347,341,"197-005
",False
348,342,"198-202
",False
349,343,"199-004
",False
350,344,"200-002
",False
352,346,"202-002
",False
353,347,"203-209
",False
354,348,"204-205
",False
356,350,"206-004
",False
357,351,"001-008
",False
358,352,"002-007
",False
359,353,"003-002
",False
363,357,"008-207
",False
364,358,"009-203
",False
365,359,"010-005
",False
366,360,"011-200
",False
367,361,"012-004
",False
368,362,"013-004
",False
369,363,"014-011
",False
370,364,"015-007
",False
371,365,"016-004
",False
372,366,"017-202
",False
373,367,"019-004
",False
374,368,"020-204
",False
375,369,"021-009
",False
377,371,"023-008
",False
378,372,"024-208
",False
380,374,"026-005
",False
381,375,"027-003
",False
383,377,"029-210
",False
384,378,"030-201
",False
386,380,"032-004
",False
388,382,"034-009
",False
390,384,"037-200
",False
391,385,"038-200
",False
394,388,"041-011
",False
395,389,"042-005
",False
396,390,"043-210
",False
397,391,"044-200
",False
398,392,"045-007
",False
400,394,"047-006
",False
402,396,"050-008
",False
404,398,"054-006
",False
405,399,"055-005
",False
406,400,"056-007
",False
408,402,"058-006
",False
409,403,"060-005
",False
410,404,"061-005
",False
411,405,"063-200
",False
412,406,"064-010
",False
413,407,"065-013
",False
414,408,"066-005
",False
416,410,"068-006
",False
417,411,"069-203
",False
420,414,"072-209
",False
421,415,"073-002
",False
422,416,"074-002
",False
423,417,"075-005
",False
424,418,"076-002
",False
425,419,"077-009
",False
426,420,"080-203
",False
427,421,"081-213
",False
428,422,"083-008
",False
429,423,"084-004
",False
431,425,"086-010
",False
432,426,"088-205
",False
433,427,"089-204
",False
434,428,"090-201
",False
436,430,"092-016
",False
438,432,"095-004
",False
439,433,"096-007
",False
441,435,"098-004
",False
442,76,"099-212
",False
443,436,"100-005
",False
444,437,"101-007
",False
445,438,"103-210
",False
446,439,"104-007
",False
447,440,"105-004
",False
449,442,"108-011
",False
450,443,"109-208
",False
451,444,"110-003
",False
452,445,"112-008
",False
454,447,"115-202
",False
455,448,"116-005
",False
456,449,"117-003
",False
458,451,"119-009
",False
459,452,"120-200
",False
461,454,"122-011
",False
462,455,"123-005
",False
464,457,"125-009
",False
465,458,"126-207
",False
466,459,"128-013
",False
467,460,"129-205
",False
469,462,"132-005
",False
471,464,"134-012
",False
472,465,"135-006
",False
473,466,"136-205
",False
474,467,"139-007
",False
475,468,"140-200
",False
478,471,"143-005
",False
479,472,"144-003
",False
481,474,"146-010
",False
482,475,"147-009
",False
484,477,"149-201
",False
485,478,"150-003
",False
486,479,"151-010
",False
487,480,"152-005
",False
488,481,"153-006
",False
490,483,"155-008
",False
491,484,"156-011
",False
492,485,"158-003
",False
493,486,"159-006
",False
494,487,"160-009
",False
495,488,"161-007
",False
496,489,"162-012
",False
497,490,"163-007
",False
498,491,"164-004
",False
499,492,"165-010
",False
501,494,"167-017
",False
503,496,"171-004
",False
504,497,"172-006
",False
505,498,"173-205
",False
506,323,"174-200
",False
507,499,"177-010
",False
508,500,"178-200
",False
509,501,"179-201
",False
510,502,"180-002
",False
511,503,"181-206
",False
512,504,"182-012
",False
513,505,"185-013
",False
515,507,"190-008
",False
516,508,"194-004
",False
517,509,"196-002
",False
518,510,"197-205
",False
519,511,"198-002
",False
520,512,"199-009
",False
521,513,"202-203
",False
522,514,"203-006
",False
523,515,"206-007
",False
524,516,"207-007
",False
527,358,"009-205
",False
529,519,"017-200
",False
530,520,"033-005
",False
532,391,"044-202
",False
535,524,"077-008
",False
536,420,"080-205
",False
538,525,"094-007
",False
539,76,"099-213
",False
540,438,"103-209
",False
544,460,"129-203
",False
546,530,"143-003
",False
548,532,"150-202
",False
551,535,"166-008
",False
553,537,"184-007
",False
554,538,"185-012
",False
555,510,"197-207
",False
556,539,"199-011
",False
557,540,"200-007
",False
558,541,"201-204
",False
560,378,"030-202
",False
561,390,"043-209
",False
562,427,"089-205
",False
565,460,"129-204
",False
566,498,"173-204
",False
567,510,"197-206
",False
568,543,"001-003
",False
569,544,"003-003
",False
573,391,"044-203
",False
576,421,"081-211
",False
580,553,"156-016
",False
582,555,"165-011
",False
583,358,"009-204
",False
586,378,"030-200
",False
588,390,"043-208
",False
590,560,"060-003
",False
592,562,"076-003
",False
593,421,"081-212
",False
596,438,"103-211
",False
597,458,"126-208
",False
598,498,"173-203
",False
600,420,"080-204
",False
602,565,"142-003
",False
603,566,"001-007
",False
604,567,"002-011
",False
605,568,"004-011
",False
606,569,"005-102
",True
607,570,"008-100
",True
610,573,"014-007
",False
612,575,"016-006
",False
615,578,"021-010
",False
616,579,"022-207
",False
617,580,"024-002
",False
618,581,"026-008
",False
620,583,"029-007
",False
621,584,"032-007
",False
623,586,"035-003
",False
626,589,"051-004
",False
627,590,"054-002
",False
629,592,"060-202
",False
630,593,"065-010
",False
631,594,"066-007
",False
632,595,"067-101
",True
633,596,"068-010
",False
635,598,"072-205
",False
636,599,"074-009
",False
637,600,"076-008
",False
638,601,"077-100
",True
639,602,"079-204
",False
640,603,"080-006
",False
641,604,"081-004
",False
642,605,"083-009
",False
644,606,"086-003
",False
645,607,"089-203
",False
646,608,"091-006
",False
647,609,"092-014
",False
649,611,"095-003
",False
651,613,"097-204
",False
652,614,"098-009
",False
653,76,"099-209
",False
654,615,"100-011
",False
655,616,"104-006
",False
657,618,"108-007
",False
658,619,"111-005
",False
659,620,"112-003
",False
661,622,"114-008
",False
663,624,"116-209
",False
664,625,"117-008
",False
665,626,"118-010
",False
666,627,"119-008
",False
667,628,"120-014
",False
668,629,"121-008
",False
669,630,"122-202
",False
670,631,"125-011
",False
671,632,"126-007
",False
672,633,"127-005
",False
673,634,"131-012
",False
675,636,"134-006
",False
678,639,"139-009
",False
679,640,"140-009
",False
680,641,"141-012
",False
681,642,"142-008
",False
683,644,"144-101
",True
685,646,"148-207
",False
686,647,"149-003
",False
687,648,"151-200
",False
688,649,"152-200
",False
689,650,"157-102
",True
690,651,"161-201
",False
691,652,"163-006
",False
692,653,"164-002
",False
693,654,"165-100
",True
694,655,"166-012
",False
695,656,"167-018
",False
696,657,"170-003
",False
697,658,"178-008
",False
699,660,"182-006
",False
700,661,"184-006
",False
701,662,"187-010
",False
702,663,"188-006
",False
703,664,"192-003
",False
704,665,"193-203
",False
705,666,"194-006
",False
706,667,"196-205
",False
707,668,"197-200
",False
709,670,"201-003
",False
710,671,"202-204
",False
711,672,"203-005
",False
712,673,"204-003
",False
714,675,"206-012
",False
715,676,"047-101
",True
717,678,"064-100
",True
719,680,"090-006
",False
720,71,"093-200
",False
722,624,"116-208
",False
723,318,"168-202
",False
724,682,"001-400
",True
725,683,"002-005
",False
726,684,"003-400
",True
728,686,"006-006
",False
729,4,"007-203
",False
730,687,"015-011
",False
731,11,"017-203
",False
732,688,"020-400
",True
733,689,"021-100
",True
734,690,"025-002
",False
735,691,"027-200
",False
736,692,"030-213
",False
737,693,"031-100
",True
739,695,"037-211
",False
740,696,"040-003
",False
741,697,"041-100
",True
743,699,"045-200
",False
744,700,"046-201
",False
745,701,"047-204
",False
747,703,"051-002
",False
748,704,"055-004
",False
749,705,"066-002
",False
751,707,"070-400
",True
752,708,"072-100
",True
756,712,"076-211
",False
757,713,"081-200
",False
759,715,"084-010
",False
761,67,"089-208
",False
762,717,"092-002
",False
763,718,"096-202
",False
764,719,"100-009
",False
765,720,"104-206
",False
766,721,"105-400
",True
767,722,"112-007
",False
768,723,"114-003
",False
769,93,"117-211
",False
772,101,"125-206
",False
773,726,"126-011
",False
775,728,"131-200
",False
776,108,"133-205
",False
777,729,"135-212
",False
778,730,"136-005
",False
779,731,"138-002
",False
780,732,"139-003
",False
782,734,"147-200
",False
784,736,"150-002
",False
787,739,"164-202
",False
789,741,"168-400
",True
790,742,"170-205
",False
791,743,"174-212
",False
792,151,"181-200
",False
793,744,"187-011
",False
794,745,"190-002
",False
797,747,"206-010
",False
798,748,"001-202
",False
800,4,"007-202
",False
801,750,"008-205
",False
802,751,"009-004
",False
803,752,"010-212
",False
804,753,"011-204
",False
805,754,"012-203
",False
806,755,"013-102
",True
807,756,"014-002
",False
809,758,"020-209
",False
810,759,"021-005
",False
811,760,"022-210
",False
812,761,"023-004
",False
813,762,"026-202
",False
814,763,"029-009
",False
815,764,"031-004
",False
817,766,"034-203
",False
819,768,"036-003
",False
820,769,"039-002
",False
822,771,"042-007
",False
823,772,"043-007
",False
824,699,"045-204
",False
825,773,"048-002
",False
826,774,"050-004
",False
828,776,"056-200
",False
829,777,"060-004
",False
830,778,"061-002
",False
833,781,"068-206
",False
835,53,"071-207
",False
836,782,"074-206
",False
838,712,"076-214
",False
839,784,"077-010
",False
840,785,"081-009
",False
842,787,"084-209
",False
843,788,"086-200
",False
844,249,"088-202
",False
845,789,"090-007
",False
846,790,"091-005
",False
849,718,"096-200
",False
850,793,"097-003
",False
852,76,"099-208
",False
853,795,"100-100
",True
854,796,"105-202
",False
855,797,"107-217
",False
857,799,"111-003
",False
858,800,"114-201
",False
860,93,"117-214
",False
861,802,"118-011
",False
862,803,"119-209
",False
863,804,"120-210
",False
864,805,"122-002
",False
865,806,"123-007
",False
867,808,"125-203
",False
868,809,"126-201
",False
869,810,"128-003
",False
870,728,"131-202
",False
871,811,"132-202
",False
872,812,"133-202
",False
873,813,"134-400
",True
874,814,"137-010
",False
875,815,"139-200
",False
876,816,"140-003
",False
877,817,"141-100
",True
878,818,"142-002
",False
880,820,"144-206
",False
882,822,"146-006
",False
883,823,"147-204
",False
885,825,"151-006
",False
887,827,"155-202
",False
889,829,"157-204
",False
891,831,"161-009
",False
892,832,"162-004
",False
893,833,"163-002
",False
895,318,"168-203
",False
896,319,"169-205
",False
897,835,"170-210
",False
898,836,"171-204
",False
899,837,"172-203
",False
900,838,"177-008
",False
901,839,"181-205
",False
902,840,"184-004
",False
903,841,"187-200
",False
904,842,"188-200
",False
906,844,"196-208
",False
907,342,"198-203
",False
908,845,"199-005
",False
909,846,"200-014
",False
910,171,"203-213
",False
912,848,"002-204
",False
913,849,"003-401
",True
914,850,"004-002
",False
916,851,"006-204
",False
917,852,"007-219
",False
918,182,"008-204
",False
920,854,"010-201
",False
921,855,"011-209
",False
922,856,"012-200
",False
924,858,"014-005
",False
925,859,"015-003
",False
926,190,"016-208
",False
927,860,"019-202
",False
928,861,"021-203
",False
929,862,"022-008
",False
930,863,"023-003
",False
931,864,"025-205
",False
932,865,"029-003
",False
933,866,"030-207
",False
934,867,"033-202
",False
935,868,"034-008
",False
936,869,"035-004
",False
937,870,"037-207
",False
939,872,"041-003
",False
942,874,"045-205
",False
944,875,"047-002
",False
946,877,"050-002
",False
947,878,"053-007
",False
948,879,"054-212
",False
949,880,"056-005
",False
950,42,"057-206
",False
951,881,"060-204
",False
953,883,"064-002
",False
954,884,"065-002
",False
955,885,"066-008
",False
957,887,"068-200
",False
958,888,"069-002
",False
959,889,"070-002
",False
961,890,"072-202
",False
962,782,"074-204
",False
964,892,"076-007
",False
965,893,"077-004
",False
966,894,"080-003
",False
967,895,"083-200
",False
968,896,"084-003
",False
969,897,"086-007
",False
970,898,"088-002
",False
972,900,"090-003
",False
973,901,"091-200
",False
974,902,"092-202
",False
975,903,"093-002
",False
976,904,"094-202
",False
977,905,"096-004
",False
978,257,"097-202
",False
979,906,"098-003
",False
980,907,"099-200
",False
981,908,"100-002
",False
982,909,"101-203
",False
983,910,"104-002
",False
984,911,"105-006
",False
985,263,"107-200
",False
986,912,"109-002
",False
987,913,"114-010
",False
989,915,"117-206
",False
990,916,"118-003
",False
991,917,"119-006
",False
992,918,"120-011
",False
993,919,"121-004
",False
996,922,"126-006
",False
997,923,"128-010
",False
999,925,"131-002
",False
1001,927,"134-003
",False
1002,928,"135-004
",False
1003,287,"136-204
",False
1004,929,"137-003
",False
1005,468,"140-201
",False
1006,295,"144-200
",False
1007,930,"145-003
",False
1008,931,"146-004
",False
1009,932,"147-006
",False
1010,933,"148-008
",False
1011,934,"151-007
",False
1012,935,"155-203
",False
1013,936,"156-202
",False
1014,937,"157-200
",False
1015,938,"161-202
",False
1016,313,"163-207
",False
1017,939,"165-206
",False
1018,940,"167-204
",False
1020,942,"169-200
",False
1021,943,"170-209
",False
1022,944,"171-209
",False
1023,945,"172-004
",False
1024,946,"173-215
",False
1025,323,"174-204
",False
1027,948,"181-006
",False
1028,949,"182-009
",False
1029,950,"185-203
",False
1030,951,"186-008
",False
1032,953,"188-003
",False
1033,954,"190-012
",False
1034,955,"194-200
",False
1035,956,"196-003
",False
1036,957,"197-210
",False
1037,958,"199-006
",False
1038,959,"200-203
",False
1039,960,"201-211
",False
1040,961,"202-004
",False
1041,962,"203-207
",False
1042,348,"204-206
",False
1043,963,"206-002
",False
1044,964,"207-003
",False
1045,965,"001-006
",False
1046,966,"002-006
",False
1048,968,"004-005
",False
1050,969,"006-007
",False
1051,970,"007-008
",False
1052,971,"008-003
",False
1053,972,"009-008
",False
1054,973,"010-002
",False
1055,855,"011-207
",False
1057,975,"013-201
",False
1058,976,"014-006
",False
1059,977,"015-002
",False
1060,978,"016-002
",False
1061,860,"019-200
",False
1062,979,"020-004
",False
1063,980,"021-012
",False
1064,981,"022-007
",False
1065,982,"023-007
",False
1066,983,"024-004
",False
1067,984,"025-007
",False
1068,985,"026-003
",False
1069,986,"029-200
",False
1070,987,"030-012
",False
1072,989,"034-006
",False
1074,991,"036-004
",False
1075,992,"037-208
",False
1076,993,"038-009
",False
1077,994,"040-004
",False
1078,995,"041-008
",False
1079,996,"042-004
",False
1080,997,"044-205
",False
1081,998,"045-006
",False
1082,999,"046-005
",False
1084,1001,"050-006
",False
1086,1003,"053-004
",False
1087,1004,"054-005
",False
1088,1005,"056-009
",False
1089,1006,"057-212
",False
1090,1007,"058-204
",False
1093,1010,"063-203
",False
1094,1011,"064-006
",False
1096,1012,"067-005
",False
1097,1013,"068-208
",False
1098,1014,"069-006
",False
1100,1015,"071-004
",False
1101,1016,"073-005
",False
1102,1017,"074-010
",False
1103,1018,"075-205
",False
1104,1019,"076-005
",False
1105,1020,"077-006
",False
1106,1021,"083-004
",False
1107,1022,"084-005
",False
1108,1023,"086-002
",False
1110,1024,"090-002
",False
1111,1025,"091-203
",False
1112,1026,"092-005
",False
1113,1027,"093-010
",False
1114,1028,"094-004
",False
1115,1029,"096-003
",False
1116,1030,"097-004
",False
1118,259,"100-204
",False
1119,1032,"101-003
",False
1121,1034,"105-205
",False
1122,263,"107-205
",False
1123,1035,"108-010
",False
1124,1036,"109-004
",False
1125,1037,"112-010
",False
1126,1038,"114-007
",False
1127,624,"116-207
",False
1128,1039,"117-004
",False
1129,1040,"118-004
",False
1130,1041,"119-010
",False
1131,1042,"120-008
",False
1132,1043,"121-006
",False
1134,1045,"125-012
",False
1135,1046,"126-014
",False
1137,1048,"129-011
",False
1138,1049,"131-006
",False
1139,1050,"133-007
",False
1140,1051,"134-009
",False
1142,1053,"137-004
",False
1143,1054,"139-008
",False
1144,1055,"140-002
",False
1145,1056,"141-002
",False
1146,1057,"144-207
",False
1147,1058,"146-008
",False
1148,1059,"147-004
",False
1149,1060,"148-007
",False
1151,1062,"151-008
",False
1152,1063,"152-003
",False
1153,1064,"154-003
",False
1154,1065,"155-208
",False
1156,1067,"161-003
",False
1157,1068,"162-200
",False
1158,1069,"165-007
",False
1159,1070,"167-014
",False
1160,1071,"169-208
",False
1161,320,"171-213
",False
1163,1073,"177-004
",False
1164,1074,"181-009
",False
1165,1075,"184-210
",False
1166,1076,"185-004
",False
1168,1078,"187-002
",False
1169,1079,"188-005
",False
1170,1080,"190-003
",False
1171,1081,"193-201
",False
1172,1082,"194-003
",False
1173,1083,"197-003
",False
1175,1085,"200-009
",False
1176,1086,"202-006
",False
1177,1087,"203-008
",False
1178,1088,"206-006
",False
1179,1089,"207-002
",False
1180,975,"013-203
",False
1182,1091,"048-010
",False
1183,1006,"057-210
",False
1184,1092,"065-005
",False
1185,1093,"081-002
",False
1187,1094,"099-002
",False
1188,259,"100-205
",False
1189,263,"107-206
",False
1190,1095,"119-100
",True
1192,1096,"145-008
",False
1193,301,"150-205
",False
1194,1097,"156-012
",False
1195,313,"163-209
",False
1196,1071,"169-207
",False
1198,1099,"178-005
",False
1199,1100,"182-005
",False
1200,975,"013-202
",False
1202,1006,"057-211
",False
1203,1034,"105-204
",False
1204,301,"150-206
",False
1205,1102,"001-002
",False
1206,1103,"002-200
",False
1207,1104,"003-202
",False
1208,1105,"004-003
",False
1210,1106,"007-005
",False
1211,1107,"009-208
",False
1212,1108,"011-003
",False
1213,1109,"012-207
",False
1214,1110,"013-010
",False
1215,1111,"014-004
",False
1216,1112,"015-005
",False
1218,1114,"017-201
",False
1219,1115,"019-002
",False
1220,368,"020-200
",False
1221,1116,"021-004
",False
1222,1117,"022-206
",False
1223,1118,"023-200
",False
1225,1120,"025-005
",False
1226,1121,"026-207
",False
1227,202,"029-203
",False
1228,1122,"030-007
",False
1229,1123,"031-204
",False
1230,1124,"034-002
",False
1231,1125,"035-202
",False
1232,1126,"041-207
",False
1233,1127,"043-204
",False
1234,1128,"045-010
",False
1235,700,"046-200
",False
1236,1129,"047-200
",False
1237,1130,"048-011
",False
1238,1131,"051-003
",False
1239,1132,"054-004
",False
1240,1133,"055-200
",False
1241,1134,"056-204
",False
1242,1135,"058-005
",False
1243,1136,"061-202
",False
1244,1137,"064-004
",False
1245,1138,"065-006
",False
1247,1139,"067-003
",False
1249,1141,"069-005
",False
1251,1142,"071-002
",False
1252,598,"072-207
",False
1253,1143,"074-007
",False
1255,1144,"076-205
",False
1256,1145,"080-005
",False
1257,244,"081-208
",False
1258,1146,"083-204
",False
1259,787,"084-203
",False
1260,1147,"086-008
",False
1261,1148,"089-002
",False
1262,1149,"090-004
",False
1263,1150,"091-002
",False
1264,1151,"092-009
",False
1265,1152,"093-012
",False
1266,1153,"096-204
",False
1268,1155,"100-200
",False
1270,80,"104-203
",False
1271,796,"105-200
",False
1272,263,"107-204
",False
1273,1157,"108-002
",False
1274,1158,"114-002
",False
1275,1159,"116-200
",False
1277,1161,"118-200
",False
1278,1162,"120-004
",False
1279,1163,"122-005
",False
1281,1165,"127-004
",False
1282,1166,"129-004
",False
1283,1167,"131-003
",False
1284,1168,"133-002
",False
1285,1169,"134-202
",False
1287,289,"138-202
",False
1288,1170,"142-006
",False
1289,1171,"144-005
",False
1290,1172,"145-002
",False
1291,1173,"147-011
",False
1293,1175,"151-004
",False
1294,827,"155-200
",False
1295,1176,"156-007
",False
1296,1177,"159-003
",False
1297,1178,"160-006
",False
1298,1179,"161-006
",False
1299,1180,"162-009
",False
1300,313,"163-204
",False
1301,1181,"166-003
",False
1302,1182,"167-003
",False
1303,1183,"171-007
",False
1304,1184,"173-211
",False
1305,1185,"178-003
",False
1306,1186,"182-202
",False
1307,1187,"184-216
",False
1308,1188,"187-203
",False
1309,1189,"190-007
",False
1310,1190,"194-203
",False
1311,1191,"196-005
",False
1312,668,"197-204
",False
1313,1192,"199-003
",False
1314,1193,"200-004
",False
1315,1194,"203-203
",False
1316,1195,"206-005
",False
1317,1104,"003-200
",False
1319,1196,"006-004
",False
1320,1197,"007-207
",False
1321,1198,"010-004
",False
1322,190,"016-207
",False
1323,1199,"025-009
",False
1324,1123,"031-200
",False
1325,1127,"043-207
",False
1326,1200,"044-002
",False
1327,1201,"048-008
",False
1328,1202,"068-203
",False
1329,244,"081-206
",False
1330,76,"099-203
",False
1331,1203,"109-200
",False
1333,1205,"120-006
",False
1334,1206,"121-003
",False
1335,1207,"123-002
",False
1336,1208,"126-004
",False
1337,1209,"128-005
",False
1339,1211,"156-005
",False
1340,1212,"157-205
",False
1341,1213,"160-002
",False
1343,323,"174-210
",False
1344,1215,"177-208
",False
1345,1187,"184-218
",False
1346,1216,"185-016
",False
1349,1218,"010-210
",False
1350,1219,"011-006
",False
1351,1220,"013-011
",False
1353,368,"020-202
",False
1354,1222,"022-200
",False
1356,1223,"025-006
",False
1357,1224,"030-002
",False
1358,1123,"031-202
",False
1359,1125,"035-200
",False
1361,1226,"053-005
",False
1362,222,"054-200
",False
1363,42,"057-203
",False
1365,1228,"067-002
",False
1366,1229,"077-005
",False
1367,1230,"079-201
",False
1368,787,"084-207
",False
1369,1231,"093-003
",False
1370,1232,"096-203
",False
1371,76,"099-204
",False
1372,1233,"105-002
",False
1373,263,"107-202
",False
1374,1203,"109-202
",False
1377,1236,"118-009
",False
1379,1237,"120-005
",False
1380,1238,"124-003
",False
1381,1239,"126-205
",False
1382,1240,"137-006
",False
1383,289,"138-203
",False
1384,1241,"148-203
",False
1385,127,"153-205
",False
1386,1242,"155-006
",False
1387,1243,"159-002
",False
1388,1244,"160-004
",False
1389,1245,"162-008
",False
1391,1246,"167-007
",False
1393,1247,"171-214
",False
1394,1184,"173-209
",False
1395,1215,"177-210
",False
1396,1248,"178-002
",False
1398,1250,"203-202
",False
1399,1218,"010-209
",False
1400,1118,"023-202
",False
1401,1251,"030-014
",False
1402,1252,"058-003
",False
1404,1254,"096-005
",False
1405,1239,"126-203
",False
1406,1241,"148-202
",False
1407,127,"153-206
",False
1408,1255,"157-006
",False
1409,1256,"184-005
",False
1410,851,"006-206
",False
1412,190,"016-210
",False
1414,1259,"026-206
",False
1415,866,"030-204
",False
1416,867,"033-203
",False
1417,1260,"034-004
",False
1418,870,"037-205
",False
1419,1261,"038-004
",False
1420,1262,"043-009
",False
1421,879,"054-211
",False
1422,881,"060-205
",False
1423,1263,"067-009
",False
1424,887,"068-201
",False
1425,890,"072-204
",False
1426,713,"081-201
",False
1427,902,"092-201
",False
1428,1264,"093-004
",False
1429,1265,"097-005
",False
1430,1266,"108-005
",False
1431,265,"109-206
",False
1432,1267,"119-202
",False
1433,1268,"120-209
",False
1434,275,"123-201
",False
1435,1269,"135-002
",False
1436,1270,"138-005
",False
1437,1271,"140-010
",False
1438,1272,"147-003
",False
1439,936,"156-203
",False
1440,938,"161-203
",False
1441,939,"165-208
",False
1442,940,"167-203
",False
1444,942,"169-202
",False
1445,944,"171-210
",False
1447,1273,"182-010
",False
1448,950,"185-202
",False
1449,1274,"186-003
",False
1450,1275,"196-004
",False
1451,957,"197-212
",False
1452,959,"200-206
",False
1453,1276,"201-208
",False
1454,1277,"202-202
",False
1455,962,"203-208
",False
1456,1278,"207-005
",False
1457,1103,"002-203
",False
1459,1197,"007-209
",False
1460,1279,"009-206
",False
1461,1218,"010-211
",False
1463,1118,"023-201
",False
1464,1281,"030-003
",False
1465,384,"037-202
",False
1467,1136,"061-200
",False
1471,1285,"084-002
",False
1472,249,"088-201
",False
1473,1203,"109-201
",False
1474,1159,"116-201
",False
1475,1286,"120-010
",False
1477,1288,"126-005
",False
1478,1289,"128-201
",False
1479,1169,"134-200
",False
1480,289,"138-201
",False
1481,1241,"148-204
",False
1482,123,"149-203
",False
1483,1290,"151-002
",False
1484,1291,"160-011
",False
1485,1292,"162-005
",False
1486,1293,"167-016
",False
1487,318,"168-201
",False
1489,1295,"177-009
",False
1490,1296,"181-003
",False
1491,1186,"182-204
",False
1492,668,"197-202
",False
1493,1297,"206-003
",False
1495,1197,"007-208
",False
1496,1118,"023-204
",False
1497,391,"044-201
",False
1499,1144,"076-206
",False
1500,1298,"080-011
",False
1501,787,"084-205
",False
1502,79,"103-203
",False
1504,1241,"148-200
",False
1505,1212,"157-207
",False
1506,1300,"162-011
",False
1507,313,"163-202
",False
1508,1301,"182-011
",False
1509,1188,"187-204
",False
1510,1302,"009-003
",False
1511,1144,"076-207
",False
1512,1303,"002-002
",False
1514,180,"006-211
",False
1515,1304,"007-210
",False
1516,1305,"008-200
",False
1518,360,"011-202
",False
1519,190,"016-205
",False
1520,1307,"021-002
",False
1521,1308,"022-202
",False
1522,198,"025-200
",False
1523,201,"028-200
",False
1524,1309,"030-004
",False
1525,1310,"034-200
",False
1526,1311,"038-002
",False
1527,1312,"045-004
",False
1528,1313,"048-004
",False
1529,1314,"050-005
",False
1530,1315,"057-209
",False
1531,235,"070-203
",False
1532,240,"076-203
",False
1533,1316,"084-200
",False
1534,248,"086-205
",False
1535,1317,"089-004
",False
1536,252,"091-206
",False
1537,1318,"092-004
",False
1538,1319,"101-200
",False
1540,264,"108-200
",False
1541,1321,"113-200
",False
1542,1322,"114-004
",False
1543,93,"117-218
",False
1544,270,"118-203
",False
1545,1323,"124-004
",False
1547,1324,"128-007
",False
1548,1325,"131-004
",False
1549,287,"136-200
",False
1551,1327,"148-002
",False
1552,304,"153-200
",False
1553,1328,"155-003
",False
1554,1329,"156-009
",False
1555,1330,"167-004
",False
1556,1331,"177-002
",False
1557,1332,"182-210
",False
1558,1333,"184-215
",False
1559,1334,"185-005
",False
1560,1335,"190-005
",False
1561,161,"192-201
",False
1562,340,"196-202
",False
1563,1336,"199-002
",False
1564,1337,"200-008
",False
1565,1338,"203-002
",False
1566,190,"016-204
",False
1567,198,"025-202
",False
1568,201,"028-202
",False
1569,202,"029-207
",False
1570,217,"047-207
",False
1571,240,"076-204
",False
1572,244,"081-210
",False
1573,246,"084-213
",False
1574,248,"086-208
",False
1575,71,"093-201
",False
1576,93,"117-216
",False
1577,1339,"120-204
",False
1578,282,"131-203
",False
1579,323,"174-206
",False
1580,325,"177-214
",False
1583,1341,"009-011
",False
1585,1342,"011-011
",False
1586,1343,"014-012
",False
1587,762,"026-200
",False
1588,1344,"029-004
",False
1589,1345,"030-011
",False
1592,1348,"074-006
",False
1593,1349,"080-010
",False
1596,1352,"093-204
",False
1597,1353,"101-202
",False
1598,265,"109-204
",False
1599,1354,"118-006
",False
1601,295,"144-204
",False
1602,1356,"145-202
",False
1604,1358,"151-005
",False
1605,304,"153-203
",False
1606,1359,"167-011
",False
1608,325,"177-211
",False
1609,1361,"178-007
",False
1610,1362,"185-009
",False
1611,1363,"197-002
",False
1612,1364,"201-209
",False
1613,1365,"202-003
",False
1614,347,"203-211
",False
1616,1304,"007-212
",False
1617,1366,"009-009
",False
1618,360,"011-201
",False
1619,1310,"034-202
",False
1620,207,"035-204
",False
1621,1367,"037-002
",False
1622,1368,"045-003
",False
1623,218,"048-200
",False
1624,222,"054-202
",False
1625,232,"067-206
",False
1626,1369,"080-009
",False
1627,1316,"084-201
",False
1628,1370,"089-003
",False
1629,71,"093-205
",False
1630,1371,"101-005
",False
1631,261,"104-202
",False
1633,1372,"119-204
",False
1636,281,"129-201
",False
1637,1375,"135-003
",False
1638,287,"136-201
",False
1639,1376,"138-003
",False
1640,815,"139-202
",False
1641,1377,"140-210
",False
1642,1378,"141-005
",False
1643,295,"144-203
",False
1644,1379,"148-009
",False
1645,301,"150-207
",False
1646,1380,"151-202
",False
1647,1381,"156-010
",False
1648,1382,"157-004
",False
1649,312,"162-204
",False
1650,1383,"165-006
",False
1651,1384,"169-004
",False
1652,1385,"173-006
",False
1653,1332,"182-208
",False
1654,1333,"184-212
",False
1655,1386,"187-009
",False
1656,161,"192-202
",False
1657,340,"196-201
",False
1658,348,"204-204
",False
1661,182,"008-202
",False
1662,202,"029-206
",False
1663,203,"030-209
",False
1664,222,"054-205
",False
1665,240,"076-202
",False
1666,241,"077-201
",False
1667,263,"107-208
",False
1668,264,"108-202
",False
1669,93,"117-219
",False
1670,1339,"120-205
",False
1671,282,"131-205
",False
1672,1388,"156-003
",False
1673,325,"177-213
",False
1674,347,"203-210
",False
1675,851,"006-200
",False
1676,1389,"020-214
",False
1677,1390,"021-014
",False
1678,1259,"026-204
",False
1680,1392,"041-004
",False
1681,874,"045-207
",False
1683,879,"054-209
",False
1684,1394,"057-006
",False
1686,890,"072-200
",False
1687,782,"074-203
",False
1688,1395,"086-009
",False
1689,1396,"092-008
",False
1690,904,"094-200
",False
1691,1397,"100-006
",False
1692,909,"101-205
",False
1693,1398,"108-004
",False
1694,1267,"119-200
",False
1695,1399,"120-002
",False
1696,275,"123-202
",False
1698,1400,"140-208
",False
1699,646,"148-205
",False
1700,1401,"154-204
",False
1701,1402,"156-206
",False
1702,1403,"158-005
",False
1703,1404,"160-005
",False
1704,939,"165-209
",False
1706,944,"171-211
",False
1707,1406,"172-204
",False
1708,1407,"177-205
",False
1709,1408,"185-006
",False
1710,957,"197-209
",False
1711,1277,"202-200
",False
1712,1409,"207-201
",False
1713,848,"002-205
",False
1714,1410,"003-206
",False
1715,1411,"008-006
",False
1716,855,"011-208
",False
1717,860,"019-203
",False
1718,1412,"029-002
",False
1721,874,"045-208
",False
1729,1421,"103-206
",False
1732,468,"140-202
",False
1736,938,"161-204
",False
1739,1406,"172-206
",False
1740,946,"173-213
",False
1742,1407,"177-206
",False
1747,1276,"201-207
",False
1749,848,"002-206
",False
1750,854,"010-200
",False
1751,874,"045-209
",False
1752,1407,"177-207
",False
1753,1276,"201-206
",False
1754,1304,"007-213
",False
1755,203,"030-208
",False
1757,79,"103-208
",False
1759,1436,"126-016
",False
1761,325,"177-212
",False
1762,1438,"008-002
",False
1763,1439,"009-002
",False
1764,1440,"017-005
",False
1765,1441,"030-010
",False
1766,1442,"042-006
",False
1768,240,"076-201
",False
1770,1372,"119-205
",False
1772,287,"136-203
",False
1773,1445,"162-010
",False
1774,1446,"167-002
",False
1775,1447,"002-008
",False
1776,1448,"004-009
",False
1777,1449,"005-002
",False
1780,1452,"008-208
",False
1781,1453,"009-201
",False
1782,1454,"010-003
",False
1783,1455,"012-003
",False
1784,1456,"013-008
",False
1785,1457,"014-013
",False
1786,1458,"015-009
",False
1787,1459,"017-004
",False
1788,1460,"019-006
",False
1789,1461,"020-002
",False
1790,1462,"021-011
",False
1791,1463,"023-009
",False
1792,1464,"024-209
",False
1794,1466,"026-009
",False
1795,1467,"027-002
",False
1796,1468,"028-002
",False
1798,1470,"031-008
",False
1799,1471,"033-200
",False
1800,1472,"034-003
",False
1802,1474,"037-204
",False
1803,1475,"038-005
",False
1805,1477,"042-002
",False
1806,1478,"043-003
",False
1807,33,"044-211
",False
1808,1479,"045-005
",False
1809,1480,"047-007
",False
1810,1481,"048-005
",False
1811,1482,"050-007
",False
1813,1484,"054-208
",False
1815,1486,"056-002
",False
1818,1489,"064-009
",False
1819,1490,"065-011
",False
1820,1491,"066-004
",False
1821,1492,"068-207
",False
1823,1494,"071-007
",False
1824,782,"074-200
",False
1825,1495,"075-004
",False
1827,1497,"077-002
",False
1828,1498,"080-012
",False
1829,1499,"081-003
",False
1830,1500,"083-006
",False
1831,1501,"084-006
",False
1833,1502,"086-211
",False
1834,249,"088-204
",False
1835,1503,"089-006
",False
1836,1504,"092-013
",False
1837,1505,"096-006
",False
1838,1506,"097-002
",False
1839,1507,"098-005
",False
1840,76,"099-216
",False
1841,1508,"101-009
",False
1842,79,"103-201
",False
1843,1509,"104-211
",False
1844,1510,"105-008
",False
1845,1511,"107-004
",False
1846,1512,"108-013
",False
1847,1513,"109-005
",False
1848,1514,"110-002
",False
1849,1515,"112-006
",False
1851,1517,"114-205
",False
1852,1518,"117-203
",False
1853,1519,"118-008
",False
1856,1522,"121-009
",False
1857,1523,"122-006
",False
1858,1524,"123-003
",False
1859,1525,"125-010
",False
1860,1526,"126-015
",False
1861,1527,"128-011
",False
1863,1529,"134-007
",False
1865,1531,"137-012
",False
1866,1532,"138-007
",False
1867,1533,"139-006
",False
1868,1534,"141-006
",False
1869,1535,"142-004
",False
1870,1536,"143-201
",False
1871,1537,"144-208
",False
1872,1538,"145-009
",False
1873,1539,"146-007
",False
1874,1540,"147-008
",False
1875,1541,"148-011
",False
1876,127,"153-212
",False
1878,1543,"156-013
",False
1880,1545,"160-012
",False
1881,1546,"161-002
",False
1882,1547,"162-002
",False
1883,1548,"163-004
",False
1884,1549,"165-201
",False
1885,1550,"166-006
",False
1886,1551,"167-013
",False
1888,1552,"171-002
",False
1890,1554,"173-200
",False
1891,323,"174-203
",False
1892,1555,"178-009
",False
1893,1556,"179-002
",False
1895,1558,"182-213
",False
1896,1559,"184-208
",False
1897,1560,"185-011
",False
1898,1561,"186-007
",False
1900,1563,"188-002
",False
1902,1565,"194-005
",False
1903,667,"196-203
",False
1904,1566,"198-003
",False
1905,1567,"199-200
",False
1907,541,"201-202
",False
1908,1569,"203-007
",False
1909,1570,"204-002
",False
1910,1571,"205-002
",False
1911,1572,"206-013
",False
1912,1573,"207-006
",False
1913,1574,"008-209
",False
1914,1453,"009-200
",False
1915,1575,"014-010
",False
1916,1484,"054-206
",False
1917,1576,"065-003
",False
1918,1577,"076-208
",False
1919,1509,"104-209
",False
1920,1549,"165-200
",False
1921,323,"174-202
",False
1922,1558,"182-211
",False
1923,1559,"184-209
",False
1924,1578,"190-011
",False
1925,1579,"200-003
",False
1926,1580,"006-109
",True
1927,1453,"009-202
",False
1929,1484,"054-207
",False
1930,42,"057-201
",False
1931,1502,"086-210
",False
1932,249,"088-203
",False
1933,1581,"094-005
",False
1934,1509,"104-210
",False
1935,1517,"114-203
",False
1936,1518,"117-204
",False
1938,1582,"140-007
",False
1939,1537,"144-210
",False
1940,1583,"149-004
",False
1941,1584,"150-004
",False
1942,127,"153-213
",False
1944,1585,"171-201
",False
1946,1554,"173-202
",False
1947,1558,"182-212
",False
1948,1559,"184-206
",False
1949,667,"196-204
",False
1952,541,"201-203
",False
1954,42,"057-202
",False
1955,1588,"067-010
",False
1960,127,"153-214
",False
1961,1549,"165-202
",False
1962,1585,"171-200
",False
1963,1559,"184-205
",False
1965,1517,"114-204
",False
1966,1518,"117-205
",False
1967,1537,"144-209
",False
1968,127,"153-211
",False
1969,1585,"171-202
",False
1970,1554,"173-201
",False
1971,1559,"184-207
",False
1972,1591,"002-010
",False
1973,1592,"004-006
",False
1974,1593,"011-007
",False
1975,1594,"013-101
",True
1977,758,"020-211
",False
1978,1596,"022-004
",False
1980,1598,"026-010
",False
1981,692,"030-211
",False
1982,1599,"031-005
",False
1984,699,"045-203
",False
1985,1601,"046-100
",True
1986,1602,"047-206
",False
1987,1603,"053-002
",False
1988,1604,"057-007
",False
1990,781,"068-204
",False
1992,1605,"077-003
",False
1993,1606,"081-204
",False
1995,1608,"092-007
",False
1996,1609,"100-208
",False
1997,720,"104-207
",False
1998,1610,"108-006
",False
1999,800,"114-202
",False
2000,1611,"116-003
",False
2001,803,"119-211
",False
2003,809,"126-200
",False
2004,1613,"127-202
",False
2005,811,"132-200
",False
2006,812,"133-200
",False
2007,1614,"134-206
",False
2008,1615,"135-209
",False
2009,1616,"156-018
",False
2010,309,"158-202
",False
2012,1617,"162-006
",False
2015,1620,"167-006
",False
2016,1621,"171-005
",False
2017,837,"172-202
",False
2018,1622,"173-208
",False
2019,1623,"181-007
",False
2020,1624,"182-207
",False
2021,1625,"184-203
",False
2022,1626,"185-003
",False
2023,842,"188-202
",False
2025,1628,"191-100
",True
2028,1631,"197-213
",False
2030,1633,"204-004
",False
2031,1634,"206-201
",False
2032,1635,"207-203
",False
2033,1636,"005-101
",True
2034,1637,"006-208
",False
2035,754,"012-205
",False
2036,1638,"013-401
",True
2038,1640,"021-101
",True
2039,1641,"037-100
",True
2041,1643,"046-003
",False
2045,1647,"081-100
",True
2046,1648,"084-100
",True
2047,1649,"093-011
",False
2049,1651,"109-209
",False
2053,1655,"147-400
",True
2054,1656,"161-100
",True
2055,314,"164-205
",False
2056,1625,"184-200
",False
2057,1657,"186-004
",False
2058,1658,"201-005
",False
2059,748,"001-203
",False
2060,1659,"005-220
",False
2061,4,"007-201
",False
2062,1660,"009-213
",False
2063,1661,"013-100
",True
2064,1662,"016-200
",False
2065,692,"030-212
",False
2067,699,"045-202
",False
2068,1663,"057-003
",False
2071,781,"068-205
",False
2072,1665,"070-213
",False
2074,1606,"081-205
",False
2076,67,"089-209
",False
2078,1667,"093-009
",False
2079,1668,"094-008
",False
2080,720,"104-208
",False
2081,797,"107-216
",False
2083,1669,"116-007
",False
2084,93,"117-213
",False
2087,1672,"129-010
",False
2088,1673,"131-005
",False
2091,1676,"141-008
",False
2093,1678,"148-208
",False
2094,1679,"150-100
",True
2095,1680,"160-007
",False
2096,318,"168-204
",False
2097,1622,"173-206
",False
2099,1682,"182-002
",False
2100,1625,"184-204
",False
2102,1304,"007-211
",False
2104,252,"091-205
",False
2105,1267,"119-203
",False
2106,281,"129-202
",False
2107,1377,"140-209
",False
2108,1380,"151-201
",False
2109,312,"162-205
",False
2110,348,"204-203
",False
2111,1104,"003-207
",False
2112,1683,"006-207
",False
2113,1684,"007-214
",False
2114,1685,"008-206
",False
2115,1686,"011-008
",False
2116,1687,"015-010
",False
2117,1688,"017-002
",False
2119,1690,"023-205
",False
2121,1692,"025-209
",False
2122,1693,"026-006
",False
2123,1694,"027-005
",False
2126,1697,"031-007
",False
2127,1698,"035-009
",False
2128,208,"036-202
",False
2130,1700,"040-005
",False
2131,1701,"041-009
",False
2132,1702,"043-202
",False
2133,1703,"046-002
",False
2136,1706,"056-008
",False
2137,1707,"057-002
",False
2138,1007,"058-205
",False
2139,1708,"061-011
",False
2140,1709,"063-003
",False
2141,1710,"065-009
",False
2142,1711,"068-008
",False
2143,1712,"069-004
",False
2144,1713,"074-003
",False
2146,1715,"076-009
",False
2147,1716,"080-201
",False
2148,1606,"081-203
",False
2150,1718,"090-005
",False
2152,1720,"097-006
",False
2153,1721,"098-007
",False
2154,907,"099-202
",False
2155,1722,"100-210
",False
2156,1723,"101-002
",False
2157,1724,"104-005
",False
2158,1725,"105-009
",False
2159,1726,"107-002
",False
2160,1727,"108-008
",False
2161,1728,"109-003
",False
2162,1729,"111-006
",False
2163,1730,"118-005
",False
2164,1731,"119-003
",False
2166,1733,"121-007
",False
2167,1734,"122-007
",False
2168,1735,"125-002
",False
2169,1736,"126-012
",False
2170,1737,"128-004
",False
2171,1738,"131-010
",False
2172,1739,"133-005
",False
2173,1740,"135-206
",False
2174,1741,"136-004
",False
2175,1742,"139-005
",False
2176,1743,"140-205
",False
2178,1745,"145-007
",False
2179,1746,"146-009
",False
2180,1747,"153-004
",False
2182,1749,"159-005
",False
2183,1750,"161-010
",False
2185,313,"163-211
",False
2186,1752,"165-008
",False
2187,1753,"169-206
",False
2188,1754,"173-212
",False
2189,323,"174-207
",False
2190,1755,"178-004
",False
2191,1756,"180-005
",False
2192,1757,"181-005
",False
2194,1759,"185-007
",False
2197,1762,"193-202
",False
2198,1763,"194-204
",False
2199,1764,"198-005
",False
2200,1765,"200-010
",False
2201,1766,"201-004
",False
2203,1768,"207-004
",False
2204,1104,"003-208
",False
2206,1007,"058-206
",False
2209,1716,"080-200
",False
2210,1722,"100-211
",False
2211,1740,"135-205
",False
2212,1743,"140-204
",False
2213,313,"163-210
",False
2214,1389,"020-213
",False
2215,866,"030-205
",False
2216,867,"033-204
",False
2217,1770,"053-008
",False
2218,879,"054-213
",False
2220,890,"072-203
",False
2221,782,"074-201
",False
2222,788,"086-203
",False
2223,902,"092-200
",False
2225,1772,"126-013
",False
2227,1773,"147-007
",False
2228,646,"148-206
",False
2229,532,"150-203
",False
2230,935,"155-204
",False
2231,936,"156-200
",False
2232,943,"170-208
",False
2234,1186,"182-200
",False
2235,950,"185-204
",False
2236,957,"197-211
",False
2237,1775,"002-003
",False
2238,1776,"004-004
",False
2246,699,"045-201
",False
2247,1783,"064-204
",False
2251,1786,"092-017
",False
2252,718,"096-201
",False
2253,76,"099-207
",False
2254,796,"105-201
",False
2255,797,"107-213
",False
2257,1788,"117-007
",False
2258,1789,"126-003
",False
2259,108,"133-203
",False
2260,1790,"135-202
",False
2262,1792,"154-202
",False
2264,1794,"166-100
",True
2265,318,"168-208
",False
2267,326,"178-205
",False
2268,1796,"187-100
",True
2269,1797,"194-100
",True
2271,171,"203-212
",False
2273,1659,"005-221
",False
2274,1798,"008-005
",False
2275,1799,"009-214
",False
2276,752,"010-214
",False
2277,753,"011-206
",False
2278,754,"012-204
",False
2279,1800,"013-005
",False
2281,758,"020-210
",False
2282,1802,"021-006
",False
2283,1803,"039-005
",False
2285,1805,"043-008
",False
2286,1602,"047-205
",False
2287,1806,"053-100
",True
2288,40,"054-216
",False
2289,225,"058-203
",False
2291,53,"071-208
",False
2294,1808,"083-007
",False
2295,67,"089-211
",False
2296,1809,"093-014
",False
2298,1811,"108-204
",False
2300,1813,"116-008
",False
2301,804,"120-212
",False
2302,1814,"122-004
",False
2303,1815,"125-008
",False
2304,1613,"127-201
",False
2305,1816,"135-005
",False
2306,1817,"144-100
",True
2307,823,"147-206
",False
2308,1818,"151-400
",True
2309,827,"155-201
",False
2310,829,"157-203
",False
2311,309,"158-203
",False
2313,1819,"161-008
",False
2314,314,"164-204
",False
2316,836,"171-203
",False
2317,837,"172-201
",False
2318,1622,"173-207
",False
2319,839,"181-203
",False
2320,1624,"182-205
",False
2321,1625,"184-201
",False
2322,1821,"185-008
",False
2323,842,"188-201
",False
2324,844,"196-206
",False
2325,1822,"197-006
",False
2328,1634,"206-202
",False
2330,851,"006-201
",False
2331,190,"016-209
",False
2332,864,"025-203
",False
2333,879,"054-214
",False
2334,788,"086-204
",False
2335,915,"117-207
",False
2337,1826,"126-008
",False
2338,103,"127-205
",False
2339,127,"153-207
",False
2340,305,"154-205
",False
2341,942,"169-201
",False
2343,1186,"182-201
",False
2344,955,"194-202
",False
2345,1827,"200-006
",False
2346,1277,"202-201
",False
2347,962,"203-206
",False
2348,1828,"004-008
",False
2349,1829,"005-218
",False
2350,4,"007-200
",False
2352,1831,"012-005
",False
2354,1833,"016-100
",True
2355,1834,"034-007
",False
2357,1836,"064-008
",False
2359,1838,"117-221
",False
2361,808,"125-205
",False
2362,809,"126-202
",False
2363,1613,"127-200
",False
2365,1840,"177-003
",False
2366,1841,"182-400
",True
2367,1842,"185-015
",False
2368,1843,"198-400
",True
2370,1845,"201-002
",False
2372,1846,"006-008
",False
2373,1847,"017-003
",False
2374,1848,"019-100
",True
2377,1851,"032-005
",False
2378,1852,"034-011
",False
2379,212,"041-202
",False
2380,1853,"042-203
",False
2382,1855,"048-003
",False
2383,1856,"058-002
",False
2384,1857,"060-203
",False
2385,232,"067-207
",False
2387,1859,"072-002
",False
2388,1860,"080-002
",False
2389,1861,"091-004
",False
2390,1862,"093-005
",False
2391,1863,"094-006
",False
2392,1864,"098-202
",False
2393,1865,"100-004
",False
2394,1866,"104-004
",False
2395,1867,"106-002
",False
2396,263,"107-210
",False
2397,1868,"109-207
",False
2398,1869,"116-006
",False
2399,1870,"121-005
",False
2400,1871,"122-201
",False
2401,1872,"126-002
",False
2402,1873,"127-002
",False
2403,1874,"133-003
",False
2404,1875,"136-002
",False
2405,1876,"144-002
",False
2406,1877,"147-005
",False
2407,1065,"155-207
",False
2408,1878,"156-014
",False
2409,1879,"157-007
",False
2410,1880,"162-003
",False
2411,1881,"165-103
",True
2412,841,"187-202
",False
2413,1882,"190-006
",False
2415,1883,"200-012
",False
2416,1194,"203-205
",False
2417,1884,"002-012
",False
2419,1886,"007-003
",False
2420,1887,"008-004
",False
2421,1888,"009-007
",False
2422,1889,"010-007
",False
2423,1890,"011-005
",False
2424,1891,"014-009
",False
2425,1892,"019-007
",False
2426,1893,"021-013
",False
2427,1894,"029-005
",False
2428,1895,"030-008
",False
2429,1896,"038-010
",False
2430,1897,"039-004
",False
2433,1134,"056-202
",False
2434,1900,"061-010
",False
2435,1901,"064-011
",False
2436,1902,"068-002
",False
2437,1903,"074-005
",False
2438,1904,"077-007
",False
2439,1905,"086-004
",False
2440,1906,"090-009
",False
2441,1907,"092-015
",False
2442,1908,"108-009
",False
2444,1910,"119-007
",False
2445,1911,"123-004
",False
2446,1912,"132-006
",False
2448,1914,"137-011
",False
2449,1915,"141-009
",False
2450,1916,"142-007
",False
2451,1917,"145-010
",False
2452,1918,"146-003
",False
2453,1919,"151-009
",False
2454,1920,"153-002
",False
2455,1921,"163-005
",False
2457,1923,"172-005
",False
2458,1924,"181-010
",False
2459,1925,"182-008
",False
2460,1926,"185-010
",False
2461,1631,"197-214
",False
2463,1194,"203-204
",False
2465,1104,"003-201
",False
2466,212,"041-201
",False
2467,1134,"056-203
",False
2468,787,"084-208
",False
2469,263,"107-209
",False
2472,323,"174-201
",False
2473,1631,"197-215
",False
2476,1932,"030-006
",False
2477,1933,"073-004
",False
2479,1935,"167-009
",False
2480,1936,"206-008
",False
2481,1937,"156-006
",False
2483,1938,"010-006
",False
2484,368,"020-203
",False
2485,1121,"026-208
",False
2486,202,"029-204
",False
2487,1123,"031-203
",False
2489,1127,"043-206
",False
2490,391,"044-206
",False
2491,1940,"047-201
",False
2494,244,"081-207
",False
2495,1146,"083-205
",False
2496,80,"104-204
",False
2498,1169,"134-201
",False
2499,1941,"150-005
",False
2501,313,"163-203
",False
2503,323,"174-208
",False
2504,1943,"177-011
",False
2505,668,"197-203
",False
2506,1944,"030-009
",False
2507,391,"044-207
",False
2508,1146,"083-206
",False
2509,323,"174-209
",False
2510,1945,"200-005
",False
2511,1659,"005-219
",False
2514,1948,"071-209
",False
2516,93,"117-215
",False
2518,811,"132-201
",False
2519,812,"133-201
",False
2520,1625,"184-202
",False
2521,1634,"206-200
",False
2523,752,"010-213
",False
2524,753,"011-205
",False
2527,1951,"053-102
",True
2528,225,"058-201
",False
2531,53,"071-206
",False
2533,782,"074-205
",False
2535,712,"076-212
",False
2536,67,"089-210
",False
2537,76,"099-206
",False
2538,77,"100-207
",False
2539,1811,"108-205
",False
2540,803,"119-210
",False
2541,804,"120-211
",False
2542,808,"125-204
",False
2543,728,"131-201
",False
2544,823,"147-205
",False
2545,829,"157-202
",False
2547,319,"169-204
",False
2548,836,"171-205
",False
2549,837,"172-200
",False
2550,326,"178-204
",False
2551,839,"181-204
",False
2552,1624,"182-206
",False
2553,841,"187-201
",False
2554,844,"196-207
",False
2556,1952,"009-100
",True
2558,1954,"030-100
",True
2559,1955,"032-008
",False
2561,1957,"050-200
",False
2563,45,"060-201
",False
2564,1959,"064-207
",False
2565,1960,"070-214
",False
2566,1961,"074-207
",False
2569,1964,"099-211
",False
2570,1965,"104-003
",False
2573,1968,"124-400
",True
2574,1969,"137-008
",False
2575,127,"153-210
",False
2576,1970,"154-200
",False
2577,1971,"169-100
",True
2579,166,"198-208
",False
2584,33,"044-213
",False
2585,700,"046-202
",False
2586,40,"054-217
",False
2587,712,"076-213
",False
2588,800,"114-200
",False
2591,217,"047-209
",False
2592,1339,"120-203
",False
2593,1978,"001-200
",False
2594,1979,"003-006
",False
2595,1980,"010-008
",False
2596,1981,"011-004
",False
2599,1984,"019-003
",False
2600,12,"020-208
",False
2603,1987,"025-206
",False
2604,1988,"026-002
",False
2606,1990,"039-003
",False
2608,1992,"054-100
",True
2609,1993,"056-003
",False
2610,1994,"064-205
",False
2611,1995,"065-004
",False
2612,1996,"067-007
",False
2613,1997,"068-003
",False
2614,1961,"074-209
",False
2615,1998,"076-210
",False
2616,241,"077-202
",False
2618,2000,"081-007
",False
2619,67,"089-212
",False
2620,2001,"091-003
",False
2621,2002,"094-002
",False
2622,2003,"100-003
",False
2623,2004,"105-203
",False
2624,83,"107-215
",False
2625,86,"110-202
",False
2626,2005,"112-004
",False
2627,2006,"116-002
",False
2628,93,"117-209
",False
2629,2007,"128-100
",True
2631,2009,"132-003
",False
2632,2010,"134-002
",False
2633,2011,"136-006
",False
2634,2012,"137-002
",False
2635,2013,"138-204
",False
2636,2014,"141-011
",False
2641,2019,"153-400
",True
2642,2020,"156-015
",False
2644,2022,"163-200
",False
2645,2023,"164-200
",False
2647,743,"174-214
",False
2648,2025,"177-006
",False
2649,2026,"185-002
",False
2650,165,"196-211
",False
2651,2027,"200-013
",False
2652,2028,"013-006
",False
2654,1159,"116-202
",False
2657,2031,"134-004
",False
2658,2032,"135-007
",False
2660,2033,"184-002
",False
2661,2034,"202-005
",False
2662,172,"204-202
",False
2663,1155,"100-202
",False
2664,851,"006-203
",False
2665,1389,"020-212
",False
2666,861,"021-204
",False
2667,864,"025-204
",False
2668,866,"030-206
",False
2669,870,"037-206
",False
2672,257,"097-201
",False
2673,936,"156-201
",False
2675,2036,"160-003
",False
2676,313,"163-208
",False
2677,939,"165-207
",False
2678,940,"167-205
",False
2680,500,"178-201
",False
2681,950,"185-201
",False
2682,955,"194-201
",False
2683,959,"200-204
",False
2684,348,"204-207
",False
2686,854,"010-202
",False
2687,860,"019-201
",False
2688,874,"045-206
",False
2689,879,"054-210
",False
2690,405,"063-201
",False
2692,890,"072-201
",False
2693,782,"074-202
",False
2694,904,"094-201
",False
2695,909,"101-204
",False
2696,1268,"120-208
",False
2697,1400,"140-207
",False
2698,532,"150-204
",False
2699,936,"156-207
",False
2701,2038,"007-002
",False
2702,2039,"125-006
",False
2703,2040,"156-008
",False
2704,851,"006-205
",False
2705,854,"010-203
",False
2706,2041,"011-010
",False
2707,856,"012-202
",False
2708,860,"019-204
",False
2709,2042,"029-006
",False
2710,2043,"042-003
",False
2712,881,"060-206
",False
2713,887,"068-202
",False
2714,2045,"073-006
",False
2715,2046,"081-005
",False
2716,788,"086-201
",False
2717,2047,"088-003
",False
2718,901,"091-201
",False
2719,2048,"092-010
",False
2720,2049,"099-003
",False
2722,263,"107-201
",False
2723,2051,"109-100
",True
2724,2052,"122-008
",False
2726,2053,"126-017
",False
2729,2056,"156-204
",False
2732,2058,"203-004
",False
2733,2059,"006-005
",False
2734,2060,"040-008
",False
2735,2061,"043-203
",False
2736,42,"057-204
",False
2737,2062,"080-008
",False
2738,2063,"122-203
",False
2739,1169,"134-205
",False
2740,1065,"155-206
",False
2742,2065,"009-013
",False
2743,1121,"026-209
",False
2744,866,"030-203
",False
2745,2066,"041-005
",False
2746,2067,"044-212
",False
2747,2068,"067-100
",True
2748,2069,"071-006
",False
2749,2070,"086-005
",False
2750,2071,"092-011
",False
2751,2072,"100-007
",False
2752,2073,"101-008
",False
2753,458,"126-206
",False
2754,2074,"128-008
",False
2755,2075,"129-008
",False
2756,2076,"134-013
",False
2757,127,"153-208
",False
2758,2077,"169-003
",False
2759,943,"170-207
",False
2760,1406,"172-207
",False
2761,950,"185-200
",False
2762,2078,"190-009
",False
2763,2079,"191-002
",False
2764,2080,"021-016
",False
2766,2082,"140-008
",False
2767,2083,"154-004
",False
2768,935,"155-205
",False
2769,957,"197-208
",False
2770,788,"086-202
",False
2772,959,"200-207
",False
2775,1940,"047-203
",False
2777,2086,"120-007
",False
2779,1188,"187-205
",False
2780,2088,"165-003
",False
2782,2090,"008-400
",True
2784,33,"044-209
",False
2790,1103,"002-201
",False
2791,2096,"009-005
",False
2792,368,"020-201
",False
2793,384,"037-201
",False
2794,1129,"047-202
",False
2795,787,"084-204
",False
2796,1155,"100-201
",False
2797,1161,"118-201
",False
2798,1289,"128-202
",False
2799,1169,"134-204
",False
2800,1241,"148-201
",False
2801,123,"149-202
",False
2802,1212,"157-206
",False
2804,1186,"182-203
",False
2805,668,"197-201
",False
2808,2098,"007-006
",False
2809,2099,"021-008
",False
2810,263,"107-203
",False
2811,1250,"203-200
",False
2812,856,"012-201
",False
2813,295,"144-201
",False
2814,500,"178-202
",False
2815,959,"200-205
",False
2816,348,"204-208
",False
2818,2100,"009-211
",False
2820,1308,"022-203
",False
2821,2101,"048-204
",False
2822,222,"054-203
",False
2823,1315,"057-208
",False
2824,1316,"084-202
",False
2825,248,"086-206
",False
2826,2102,"090-008
",False
2827,1319,"101-201
",False
2829,1321,"113-201
",False
2830,270,"118-204
",False
2831,452,"120-201
",False
2832,301,"150-208
",False
2833,1333,"184-214
",False
2834,342,"198-201
",False
2836,180,"006-210
",False
2837,2100,"009-210
",False
2839,1308,"022-204
",False
2840,762,"026-201
",False
2841,1310,"034-201
",False
2842,2103,"035-008
",False
2844,218,"048-201
",False
2845,222,"054-201
",False
2846,248,"086-209
",False
2847,1321,"113-202
",False
2848,452,"120-202
",False
2849,815,"139-201
",False
2850,1377,"140-211
",False
2852,317,"167-201
",False
2853,1315,"057-207
",False
2854,261,"104-201
",False
2855,93,"117-217
",False
2856,304,"153-201
",False
2857,317,"167-200
",False
2858,1332,"182-209
",False
2859,1333,"184-213
",False
2860,342,"198-200
",False
2863,4,"007-205
",False
2864,2106,"013-205
",False
2865,12,"020-207
",False
2867,1987,"025-207
",False
2869,1994,"064-206
",False
2870,1961,"074-208
",False
2872,67,"089-206
",False
2873,83,"107-214
",False
2874,86,"110-201
",False
2875,93,"117-210
",False
2876,101,"125-207
",False
2877,2108,"142-202
",False
2878,2109,"165-101
",True
2879,318,"168-207
",False
2880,2110,"169-102
",True
2881,743,"174-213
",False
2882,166,"198-206
",False
2885,190,"016-206
",False
2886,1118,"023-203
",False
2888,1123,"031-201
",False
2889,1125,"035-201
",False
2890,208,"036-201
",False
2891,1127,"043-205
",False
2892,1136,"061-201
",False
2893,598,"072-206
",False
2894,787,"084-206
",False
2895,2112,"100-010
",False
2897,1239,"126-204
",False
2898,1289,"128-203
",False
2899,1169,"134-203
",False
2900,313,"163-205
",False
2902,1184,"173-210
",False
2903,1215,"177-209
",False
2904,1187,"184-217
",False
2905,1250,"203-201
",False
2906,172,"204-201
",False
2907,2113,"024-207
",False
2908,901,"091-202
",False
2909,915,"117-208
",False
2911,2056,"156-208
",False
2916,1987,"025-208
",False
2919,2118,"041-206
",False
2922,71,"093-203
",False
2923,76,"099-210
",False
2924,103,"127-203
",False
2925,2120,"146-201
",False
2926,127,"153-209
",False
2927,2023,"164-201
",False
2931,159,"190-204
",False
2932,165,"196-210
",False
2933,166,"198-207
",False
2934,1410,"003-205
",False
2935,851,"006-202
",False
2936,1259,"026-205
",False
2937,713,"081-202
",False
2938,1268,"120-207
",False
2940,1402,"156-205
",False
2941,946,"173-214
",False
2942,2125,"005-222
",False
2943,4,"007-204
",False
2944,11,"017-205
",False
2947,2127,"091-208
",False
2948,71,"093-206
",False
2949,76,"099-214
",False
2950,2128,"138-205
",False
2951,2129,"143-203
",False
2952,121,"147-203
",False
2955,139,"168-205
",False
2957,151,"181-202
",False
2961,2135,"001-005
",False
2963,2137,"007-004
",False
2964,2138,"021-007
",False
2966,2140,"026-007
",False
2967,986,"029-202
",False
2968,2141,"030-005
",False
2969,2142,"034-013
",False
2970,2143,"035-006
",False
2971,992,"037-210
",False
2972,2144,"038-008
",False
2973,2145,"041-007
",False
2974,1702,"043-200
",False
2975,2146,"045-002
",False
2976,2147,"047-004
",False
2977,2148,"048-009
",False
2978,2149,"054-003
",False
2979,2150,"057-005
",False
2980,2151,"064-007
",False
2982,2152,"076-010
",False
2983,2153,"079-002
",False
2984,1716,"080-202
",False
2986,2155,"084-211
",False
2987,2156,"093-008
",False
2988,1722,"100-209
",False
2989,2157,"105-206
",False
2990,2158,"108-003
",False
2991,2159,"112-002
",False
2993,2161,"120-009
",False
2994,2162,"129-003
",False
2996,2164,"133-008
",False
2998,2166,"153-003
",False
2999,2167,"154-006
",False
3000,2168,"161-200
",False
3001,1068,"162-201
",False
3002,2169,"167-012
",False
3003,2170,"169-101
",True
3004,2171,"171-006
",False
3005,2172,"173-004
",False
3006,2173,"201-212
",False
3007,986,"029-201
",False
3008,992,"037-209
",False
3009,1702,"043-201
",False
3010,907,"099-201
",False
3012,1068,"162-202
",False
