id,language_id,language_list_id,order
124,80,2,1.0
125,81,2,2.0
126,82,2,3.0
129,3,2,6.0
132,75,2,9.0
135,54,2,12.0
139,7,2,16.0
140,8,2,17.0
143,32,2,20.0
147,51,2,24.0
148,10,2,25.0
149,35,2,26.0
153,50,2,30.0
154,40,2,31.0
155,65,2,32.0
158,15,2,35.0
160,60,2,37.0
161,55,2,38.0
162,16,2,39.0
163,73,2,40.0
165,66,2,42.0
166,18,2,43.0
167,48,2,44.0
168,47,2,45.0
170,44,2,47.0
171,46,2,48.0
173,23,2,50.0
174,36,2,51.0
175,58,2,52.0
176,20,2,53.0
177,69,2,54.0
180,22,2,57.0
182,26,2,59.0
183,24,2,60.0
185,21,2,62.0
187,27,2,64.0
188,17,2,65.0
190,56,2,67.0
191,68,2,68.0
193,62,2,70.0
194,63,2,71.0
197,76,2,74.0
198,25,2,75.0
200,42,2,77.0
201,39,2,78.0
202,59,2,79.0
209,38,2,86.0
213,3,3,3.0
216,75,3,6.0
219,54,3,9.0
223,7,3,13.0
224,8,3,14.0
227,32,3,17.0
231,51,3,21.0
232,10,3,22.0
233,35,3,23.0
237,50,3,27.0
238,40,3,28.0
239,65,3,29.0
242,15,3,32.0
244,60,3,34.0
245,55,3,35.0
246,16,3,36.0
247,73,3,37.0
249,66,3,39.0
250,18,3,40.0
251,48,3,41.0
252,47,3,42.0
254,44,3,44.0
255,46,3,45.0
257,23,3,47.0
258,36,3,48.0
259,58,3,49.0
260,20,3,50.0
261,69,3,51.0
264,22,3,54.0
266,26,3,56.0
267,24,3,57.0
269,21,3,59.0
271,27,3,61.0
272,17,3,62.0
274,56,3,64.0
275,68,3,65.0
277,62,3,67.0
278,63,3,68.0
281,76,3,71.0
282,25,3,72.0
284,42,3,74.0
285,39,3,75.0
286,59,3,76.0
293,38,3,83.0
295,80,4,1.0
296,81,4,2.0
297,82,4,3.0
298,3,4,4.0
299,75,4,5.0
301,118,4,7.0
303,54,4,9.0
307,8,4,13.0
308,110,4,14.0
309,32,4,15.0
310,51,4,16.0
313,10,4,19.0
314,111,4,20.0
316,35,4,22.0
317,119,4,23.0
322,50,4,28.0
323,40,4,29.0
324,65,4,30.0
325,105,4,31.0
327,15,4,33.0
329,60,4,35.0
330,55,4,36.0
331,16,4,37.0
332,73,4,38.0
333,66,4,39.0
334,18,4,40.0
335,48,4,41.0
336,47,4,42.0
338,100,4,44.0
339,108,4,45.0
340,44,4,46.0
341,46,4,47.0
342,23,4,48.0
343,36,4,49.0
344,58,4,50.0
345,20,4,51.0
346,69,4,52.0
347,109,4,53.0
348,99,4,54.0
349,22,4,55.0
350,26,4,56.0
351,24,4,57.0
353,21,4,59.0
355,120,4,61.0
356,27,4,62.0
357,107,4,63.0
358,17,4,64.0
359,56,4,65.0
360,68,4,66.0
362,76,4,68.0
363,25,4,69.0
365,42,4,71.0
366,39,4,72.0
367,59,4,73.0
368,112,4,74.0
372,38,4,78.0
373,115,4,79.0
374,80,5,1.0
375,81,5,2.0
376,82,5,3.0
379,3,5,6.0
382,75,5,9.0
384,118,5,11.0
386,54,5,13.0
390,7,5,17.0
391,8,5,18.0
392,110,5,19.0
395,32,5,22.0
399,51,5,26.0
402,10,5,29.0
403,111,5,30.0
405,35,5,32.0
406,119,5,33.0
411,50,5,38.0
412,40,5,39.0
413,65,5,40.0
415,105,5,42.0
417,15,5,44.0
419,60,5,46.0
420,55,5,47.0
421,16,5,48.0
422,73,5,49.0
424,66,5,51.0
425,18,5,52.0
426,48,5,53.0
427,47,5,54.0
429,100,5,56.0
430,108,5,57.0
431,44,5,58.0
432,46,5,59.0
434,23,5,61.0
435,36,5,62.0
436,58,5,63.0
437,20,5,64.0
438,69,5,65.0
441,109,5,68.0
442,99,5,69.0
443,22,5,70.0
445,26,5,72.0
446,24,5,73.0
448,21,5,75.0
450,120,5,77.0
451,27,5,78.0
452,107,5,79.0
453,17,5,80.0
455,56,5,82.0
456,68,5,83.0
458,62,5,85.0
459,63,5,86.0
462,76,5,89.0
463,25,5,90.0
465,42,5,92.0
466,39,5,93.0
467,59,5,94.0
469,112,5,96.0
476,38,5,103.0
478,115,5,105.0
479,80,6,1.0
480,81,6,2.0
481,82,6,3.0
484,3,6,6.0
487,75,6,9.0
489,118,6,11.0
491,54,6,13.0
495,7,6,17.0
496,8,6,18.0
497,110,6,19.0
500,32,6,22.0
504,51,6,26.0
507,10,6,29.0
508,111,6,30.0
510,35,6,32.0
511,119,6,33.0
516,50,6,38.0
517,40,6,39.0
518,65,6,40.0
521,15,6,43.0
523,60,6,45.0
524,55,6,46.0
525,16,6,47.0
526,73,6,48.0
528,66,6,50.0
529,18,6,51.0
530,48,6,52.0
531,47,6,53.0
533,100,6,55.0
534,108,6,56.0
535,44,6,57.0
536,46,6,58.0
538,23,6,60.0
539,36,6,61.0
540,58,6,62.0
541,20,6,63.0
542,69,6,64.0
545,109,6,67.0
546,99,6,68.0
547,22,6,69.0
548,26,6,70.0
549,24,6,71.0
551,21,6,73.0
553,120,6,75.0
554,27,6,76.0
555,107,6,77.0
556,17,6,78.0
558,56,6,80.0
559,68,6,81.0
561,62,6,83.0
562,63,6,84.0
563,76,6,85.0
564,25,6,86.0
566,42,6,88.0
567,39,6,89.0
568,59,6,90.0
570,112,6,92.0
577,38,6,99.0
579,115,6,101.0
1980,115,8,109.0
1982,38,8,107.0
1989,127,8,100.0
1990,112,8,99.0
1992,59,8,97.0
1993,39,8,96.0
1994,122,8,95.0
1996,42,8,93.0
1998,25,8,91.0
1999,76,8,90.0
2000,63,8,89.0
2001,62,8,88.0
2003,68,8,86.0
2004,56,8,85.0
2006,17,8,83.0
2007,107,8,82.0
2008,27,8,81.0
2009,120,8,80.0
2011,21,8,78.0
2013,24,8,76.0
2014,26,8,75.0
2015,22,8,74.0
2016,99,8,73.0
2017,126,8,72.0
2018,109,8,71.0
2021,69,8,68.0
2022,20,8,67.0
2023,58,8,66.0
2024,36,8,65.0
2025,23,8,64.0
2027,46,8,62.0
2028,44,8,61.0
2029,108,8,60.0
2030,100,8,59.0
2032,47,8,57.0
2033,48,8,56.0
2034,18,8,55.0
2035,66,8,54.0
2037,73,8,52.0
2038,16,8,51.0
2039,55,8,50.0
2040,60,8,49.0
2042,15,8,47.0
2045,65,8,44.0
2046,40,8,43.0
2047,50,8,42.0
2052,119,8,37.0
2053,35,8,36.0
2055,111,8,34.0
2056,10,8,33.0
2059,51,8,30.0
2061,105,8,28.0
2064,32,8,25.0
2067,110,8,22.0
2068,8,8,21.0
2069,7,8,20.0
2070,125,8,19.0
2071,124,8,18.0
2075,54,8,14.0
2077,118,8,12.0
2079,75,8,10.0
2080,128,8,9.0
2083,3,8,6.0
2086,82,8,3.0
2087,81,8,2.0
2088,80,8,1.0
2873,80,10,1.0
2874,133,10,2.0
2875,134,10,3.0
2876,81,10,4.0
2877,82,10,5.0
2880,3,10,8.0
2883,129,10,11.0
2884,7,10,12.0
2885,8,10,13.0
2886,110,10,14.0
2887,128,10,15.0
2888,131,10,16.0
2889,54,10,17.0
2891,75,10,19.0
2895,118,10,23.0
2897,124,10,25.0
2898,125,10,26.0
2901,32,10,29.0
2904,105,10,32.0
2906,51,10,34.0
2909,10,10,37.0
2910,111,10,38.0
2912,35,10,40.0
2913,119,10,41.0
2918,50,10,46.0
2919,40,10,47.0
2920,65,10,48.0
2923,15,10,51.0
2925,60,10,53.0
2926,55,10,54.0
2927,16,10,55.0
2928,73,10,56.0
2930,66,10,58.0
2931,18,10,59.0
2932,48,10,60.0
2933,47,10,61.0
2935,100,10,63.0
2936,108,10,64.0
2937,44,10,65.0
2938,46,10,66.0
2940,23,10,68.0
2941,36,10,69.0
2942,58,10,70.0
2943,20,10,71.0
2944,69,10,72.0
2947,109,10,75.0
2948,126,10,76.0
2949,99,10,77.0
2950,22,10,78.0
2951,26,10,79.0
2952,24,10,80.0
2954,21,10,82.0
2956,120,10,84.0
2957,27,10,85.0
2958,107,10,86.0
2959,17,10,87.0
2961,56,10,89.0
2962,68,10,90.0
2964,62,10,92.0
2965,63,10,93.0
2966,76,10,94.0
2967,25,10,95.0
2969,42,10,97.0
2971,122,10,99.0
2972,39,10,100.0
2973,59,10,101.0
2975,112,10,103.0
2976,130,10,104.0
2977,132,10,105.0
2978,127,10,106.0
2985,38,10,113.0
2987,115,10,115.0
3121,80,12,0.0
3122,133,12,1.0
3123,134,12,2.0
3124,81,12,3.0
3125,82,12,4.0
3128,3,12,7.0
3131,129,12,10.0
3132,7,12,11.0
3133,8,12,12.0
3134,110,12,13.0
3135,128,12,14.0
3137,54,12,15.0
3139,75,12,18.0
3143,118,12,22.0
3145,124,12,23.0
3146,125,12,24.0
3149,32,12,27.0
3152,105,12,30.0
3154,51,12,32.0
3157,10,12,35.0
3158,111,12,36.0
3160,35,12,38.0
3161,119,12,39.0
3166,50,12,44.0
3167,40,12,45.0
3168,65,12,46.0
3171,15,12,49.0
3173,60,12,51.0
3174,55,12,52.0
3175,16,12,53.0
3176,73,12,54.0
3178,66,12,56.0
3179,18,12,57.0
3180,48,12,58.0
3181,47,12,59.0
3183,100,12,61.0
3184,108,12,65.0
3185,44,12,62.0
3186,46,12,63.0
3188,23,12,67.0
3189,36,12,66.0
3190,58,12,68.0
3191,20,12,69.0
3192,69,12,70.0
3195,109,12,73.0
3196,126,12,82.0
3197,99,12,75.0
3198,22,12,74.0
3199,26,12,76.0
3200,24,12,77.0
3202,21,12,78.0
3204,120,12,79.0
3205,27,12,81.0
3206,107,12,83.0
3207,17,12,84.0
3209,56,12,85.0001
3210,68,12,86.0001
3212,62,12,88.0
3213,63,12,89.0001
3214,76,12,90.0001
3215,25,12,91.0001
3217,42,12,93.0001
3219,122,12,95.0001
3220,39,12,96.0001
3221,59,12,97.0001
3223,112,12,99.0001
3224,130,12,100.0001
3225,132,12,101.0001
3226,127,12,111.0001
3233,38,12,109.0001
3235,115,12,108.0001
3239,131,12,16.0
3245,3,13,2.0
3249,110,13,8.0
3269,18,13,21.0
3271,20,13,23.0
3272,125,13,24.0
3273,21,13,25.0
3274,22,13,26.0
3275,23,13,27.0
3276,24,13,28.0
3277,25,13,29.0
3280,26,13,30.0
3281,122,13,31.0
3282,27,13,32.0
3283,107,13,33.0
3288,32,13,35.0
3291,35,13,38.0
3292,80,13,39.0
3293,36,13,40.0
3373,17,13,19.0
3375,16,13,18.0
3376,15,13,17.0
3380,111,13,13.0
3381,10,13,12.0
3385,128,13,10.0
3387,7,13,5.0
3388,8,13,6.0
3389,129,13,7.0
3436,3,14,2.0
3439,7,14,5.0
3440,8,14,6.0
3441,129,14,7.0
3442,110,14,8.0
3444,128,14,10.0
3446,10,14,12.0
3447,111,14,13.0
3451,15,14,17.0
3452,16,14,18.0
3453,17,14,19.0
3455,18,14,21.0
3457,20,14,23.0
3458,125,14,24.0
3459,21,14,25.0
3460,22,14,26.0
3461,23,14,27.0
3462,24,14,28.0
3463,25,14,29.0
3464,26,14,30.0
3465,122,14,31.0
3466,27,14,32.0
3467,107,14,33.0
3469,32,14,35.0
3472,35,14,38.0
3473,80,14,39.0
3474,36,14,40.0
3476,124,14,42.0
3477,39,14,43.0
3478,40,14,44.0
3479,118,14,45.0
3480,42,14,46.0
3482,112,14,48.0
3483,44,14,49.0
3484,46,14,50.0
3485,47,14,51.0
3486,48,14,52.0
3487,133,14,53.0
3488,120,14,54.0
3489,134,14,55.0
3491,50,14,57.0
3493,51,14,59.0
3541,76,14,100.0
3542,75,14,99.0
3544,105,14,97.0
3545,119,14,96.0
3546,132,14,95.0
3547,73,14,94.0
3548,82,14,93.0
3549,81,14,92.0
3553,69,14,88.0
3554,68,14,87.0
3556,66,14,85.0
3557,65,14,84.0
3581,100,14,60.0
3582,99,14,61.0
3583,126,14,62.0
3584,127,14,63.0
3585,109,14,64.0
3586,131,14,65.0
3587,108,14,66.0
3589,130,14,68.0
3590,54,14,69.0
3591,55,14,70.0
3592,56,14,71.0
3594,58,14,73.0
3596,59,14,75.0
3597,60,14,76.0
3599,62,14,78.0
3600,63,14,79.0
3602,115,14,81.0
8450,3,48,11.1
8453,7,48,21.1
8454,8,48,22.1
8455,129,48,20.1
8456,110,48,14.1
8458,128,48,23.1
8460,10,48,45.1
8461,111,48,46.1
8465,15,48,64.1
8466,16,48,72.1
8467,17,48,113.1
8469,18,48,79.1
8471,20,48,95.1
8472,125,48,38.1
8473,21,48,99.1
8474,22,48,97.1
8475,23,48,90.1
8476,24,48,100.1
8477,25,48,123.1
8478,26,48,98.1
8479,122,48,127.1
8480,27,48,104.1
8481,107,48,109.1
8483,32,48,17.1
8486,35,48,49.1
8487,80,48,1.1
8488,36,48,89.1
8490,124,48,37.1
8491,39,48,128.1
8492,40,48,56.1
8493,118,48,28.1
8494,42,48,125.1
8496,112,48,112.1
8497,44,48,85.1
8498,46,48,86.1
8499,47,48,81.1
8500,48,48,80.1
8501,133,48,2.1
8502,120,48,107.1
8505,50,48,55.1
8507,51,48,42.1
8508,100,48,59.1
8509,99,48,96.1
8510,126,48,103.1
8511,127,48,132.1
8512,109,48,88.1
8514,108,48,84.1
8517,54,48,31.1
8518,55,48,70.1
8519,56,48,115.1
8521,58,48,91.1
8523,59,48,129.1
8524,60,48,68.1
8526,62,48,118.1
8527,63,48,119.1
8528,115,48,141.1
8531,65,48,57.1
8532,66,48,77.1
8534,68,48,116.1
8535,69,48,92.1
8539,81,48,5.1
8540,82,48,6.1
8541,73,48,74.1
8543,119,48,50.1
8544,105,48,40.1
8546,75,48,26.1
8547,76,48,122.1
8554,144,48,47.1
8555,141,48,39.1
8557,143,48,8.1
12579,145,72,72.0
12619,58,72,71.0
12620,23,72,70.0
12621,36,72,69.0
12622,109,72,68.0
12623,46,72,67.0
12624,44,72,66.0
12625,108,72,65.0
12627,47,72,63.0
12628,48,72,62.0
12629,18,72,61.0
12630,66,72,60.0
12632,73,72,58.0
12633,16,72,57.0
12634,55,72,56.0
12635,60,72,55.0
12637,15,72,53.0
12685,100,72,49.0
12687,95,72,51.0
12696,127,72,103.0
12697,59,72,102.0
12698,39,72,101.0
12699,122,72,100.0
12701,42,72,98.0
12703,25,72,96.0
12704,76,72,95.0
12705,63,72,94.0
12706,62,72,93.0
12708,68,72,91.0
12709,56,72,90.0
12710,17,72,89.0
12711,112,72,88.0
12712,107,72,87.0
12714,120,72,85.0
12716,27,72,83.0
12717,126,72,82.0
12718,24,72,81.0
12719,21,72,80.0
12720,26,72,79.0
12721,22,72,78.0
12722,99,72,77.0
12723,20,72,76.0
12726,69,72,73.0
12771,32,72,11.0
12773,129,72,13.0
12774,7,72,14.0
12775,8,72,15.0
12776,128,72,16.0
12778,75,72,18.0
12780,118,72,20.0
12783,54,72,23.0
12788,124,72,28.0
12789,125,72,29.0
12790,141,72,30.0
12791,105,72,31.0
12793,51,72,33.0
12796,10,72,36.0
12797,111,72,37.0
12798,144,72,38.0
12800,35,72,40.0
12801,119,72,41.0
12808,65,72,48.0
12809,40,72,47.0
12810,50,72,46.0
12817,115,72,112.0
12825,80,72,0.0
12826,133,72,1.0
12827,81,72,2.0
12828,82,72,3.0
12829,143,72,4.0
12832,3,72,7.0
12834,110,72,9.0
12992,23,73,1.0
12995,20,73,4.0
12997,36,73,6.0
13003,58,73,8.0
13004,69,73,9.0
13219,145,73,13.0
13431,109,73,15.0
13432,157,73,16.0
13435,21,73,18.0
13750,38,13,41.0
13754,76,13,99.0
13755,75,13,98.0
13757,105,13,96.0
13758,119,13,95.0
13759,132,13,94.0
13760,73,13,93.0001
13761,82,13,92.0
13762,81,13,91.0
13766,69,13,87.0
13767,68,13,86.0
13769,66,13,84.0
13770,65,13,83.0001
13773,115,13,80.0001
13774,63,13,79.0001
13775,62,13,78.0001
13777,60,13,76.0001
13778,59,13,75.0001
13780,58,13,73.0001
13782,56,13,71.0001
13783,55,13,70.0001
13784,54,13,69.0
13785,130,13,68.0001
13787,108,13,66.0001
13788,131,13,65.0001
13789,109,13,64.0001
13790,127,13,63.0001
13791,126,13,62.0001
13792,99,13,61.0001
13793,100,13,60.0001
13794,51,13,59.0001
13796,50,13,57.0001
13798,134,13,55.0001
13799,120,13,54.0001
13800,133,13,53.0001
13801,48,13,52.0001
13802,47,13,51.0001
13803,46,13,50.0001
13804,44,13,49.0001
13805,112,13,48.0001
13807,42,13,46.0001
13808,118,13,45.0001
13809,40,13,44.0001
13810,39,13,43.0001
13811,124,13,42.0001
14174,80,80,1.0
14175,133,80,2.0
14176,134,80,3.0
14178,81,80,5.0
14179,82,80,6.0
14184,3,80,11.0
14188,32,80,15.0
14190,129,80,17.0
14191,8,80,18.0
14192,128,80,19.0
14194,131,80,21.0
14195,75,80,22.0
14197,118,80,24.0
14200,54,80,27.0
14206,124,80,33.0
14207,125,80,34.0
14211,105,80,38.0
14212,162,80,39.0
14214,51,80,41.0
14217,10,80,44.0
14218,111,80,45.0
14222,35,80,49.0
14223,119,80,50.0
14228,50,80,55.0
14229,40,80,56.0
14230,65,80,57.0
14232,100,80,59.0
14233,95,80,60.0
14234,15,80,61.0
14235,92,80,62.0
14236,60,80,63.0
14237,55,80,64.0
14238,16,80,65.0
14239,73,80,66.0
14240,66,80,67.0
14241,18,80,68.0
14242,48,80,69.0
14243,47,80,70.0
14244,97,80,71.0
14245,108,80,72.0
14246,44,80,73.0
14247,46,80,74.0
14248,109,80,75.0
14249,36,80,76.0
14250,23,80,77.0
14251,58,80,78.0
14254,69,80,81.0
14258,20,80,85.0
14262,99,80,89.0
14263,22,80,90.0
14264,26,80,91.0
14265,21,80,92.0
14266,24,80,93.0
14269,126,80,96.0
14270,27,80,97.0
14273,120,80,100.0
14275,107,80,102.0
14276,130,80,103.0
14277,132,80,104.0
14278,112,80,105.0
14279,17,80,106.0
14280,56,80,107.0
14281,68,80,108.0
14283,62,80,110.0
14284,63,80,111.0
14286,76,80,113.0
14287,25,80,114.0
14289,42,80,116.0
14292,122,80,119.0
14293,39,80,120.0
14294,59,80,121.0
14297,127,80,124.0
14304,38,80,131.0
14305,115,80,132.0
14307,110,80,133.0
16290,128,79,20.0001
16292,131,79,22.0001
16293,75,79,23.0001
16295,118,79,25.0001
16298,54,79,28.0001
16304,124,79,34.0001
16305,125,79,35.0001
16306,141,79,36.0001
16309,105,79,39.0001
16310,162,79,40.0001
16312,51,79,42.0001
16315,10,79,45.0001
16316,111,79,46.0001
16317,144,79,47.0001
16320,35,79,50.0001
16321,119,79,51.0001
16326,50,79,56.0001
16327,40,79,57.0001
16328,65,79,58.0001
16330,100,79,60.0001
16331,95,79,61.0001
16332,15,79,62.0001
16333,92,79,63.0001
16334,60,79,64.0001
16335,55,79,65.0001
16336,16,79,66.0001
16337,73,79,67.0001
16338,66,79,68.0001
16339,18,79,69.0001
16340,48,79,70.0001
16341,47,79,71.0001
16342,97,79,72.0001
16343,108,79,73.0001
16344,44,79,74.0001
16345,46,79,75.0001
16346,109,79,76.0001
16347,36,79,77.0001
16348,23,79,78.0001
16349,58,79,79.0001
16351,157,79,81.0001
16352,69,79,82.0001
16355,145,79,85.0001
16356,20,79,86.0001
16360,99,79,90.0001
16361,22,79,91.0001
16362,26,79,92.0001
16363,21,79,93.0001
16364,24,79,94.0001
16367,126,79,97.0001
16368,27,79,98.0001
16371,120,79,101.0001
16373,107,79,103.0001
16374,130,79,104.0001
16375,132,79,105.0001
16376,112,79,106.0001
16377,17,79,107.0001
16378,56,79,108.0001
16380,68,79,109.0001
16382,62,79,111.0001
16383,63,79,112.0001
16385,76,79,114.0001
16386,25,79,115.0001
16388,42,79,117.0001
16391,122,79,120.0001
16393,39,79,121.0001
17644,80,89,1.0
17645,134,89,2.0
17646,135,89,3.0
17647,81,89,4.0
17648,82,89,5.0
17650,143,89,7.0
17653,3,89,10.0
17655,110,89,12.0
17656,152,89,13.0
17657,32,89,14.0
17659,129,89,16.0
17660,8,89,17.0
17661,128,89,18.0
17663,131,89,20.0
17664,75,89,21.0
17666,118,89,23.0
17669,54,89,26.0
17675,124,89,32.0
17676,125,89,33.0
17677,141,89,34.0
17680,105,89,37.0
17681,162,89,38.0
17683,51,89,40.0
17686,10,89,43.0
17687,111,89,44.0
17688,144,89,45.0
17691,35,89,48.0
17692,119,89,49.0
17697,50,89,54.0
17698,40,89,55.0
17699,65,89,56.0
17701,100,89,58.0
17702,95,89,59.0
17703,15,89,60.0
17704,92,89,61.0
17705,60,89,62.0
17706,55,89,63.0
17707,16,89,64.0
17708,73,89,65.0
17709,66,89,66.0
17710,18,89,67.0
17711,48,89,68.0
17712,47,89,69.0
17713,97,89,70.0
17714,108,89,71.0
17715,44,89,72.0
17716,46,89,73.0
17717,109,89,74.0
17718,36,89,75.0
17719,23,89,76.0
17720,58,89,77.0
17722,157,89,79.0
17723,69,89,80.0
17726,145,89,83.0
17727,20,89,84.0
17731,99,89,88.0
17732,22,89,89.0
17733,26,89,90.0
17734,21,89,91.0
17735,24,89,92.0
17738,126,89,95.0
17739,27,89,96.0
17742,120,89,99.0
17744,107,89,101.0
17745,130,89,102.0
17746,132,89,103.0
17747,112,89,104.0
17748,17,89,105.0
17749,56,89,106.0
17750,68,89,107.0
17752,62,89,109.0
17753,63,89,110.0
17755,76,89,112.0
17756,25,89,113.0
17758,42,89,115.0
17761,122,89,118.0
17762,39,89,119.0
17763,59,89,120.0
17765,140,89,122.0
17766,127,89,123.0
17769,148,89,126.0
17771,150,89,128.0
17773,38,89,130.0
17774,115,89,131.0
17775,147,89,132.0
17795,80,90,1.0
17796,133,90,2.0
17797,134,90,3.0
17798,135,90,4.0
17799,81,90,5.0
17800,82,90,6.0
17802,143,90,8.0
17805,3,90,11.0
17807,110,90,13.0
17808,152,90,14.0
17809,32,90,15.0
17811,129,90,17.0
17812,8,90,18.0
17813,128,90,19.0
17815,131,90,21.0
17816,75,90,22.0
17818,118,90,24.0
17821,54,90,27.0
17827,124,90,33.0
17828,125,90,34.0
17829,141,90,35.0
17832,105,90,38.0
17833,162,90,39.0
17835,51,90,41.0
17838,10,90,44.0
17839,111,90,45.0
17840,144,90,46.0
17843,35,90,49.0
17844,119,90,50.0
17849,50,90,55.0
17850,40,90,56.0
17851,65,90,57.0
17853,100,90,59.0
17854,95,90,60.0
17855,15,90,61.0
17856,92,90,62.0
17857,60,90,63.0
17858,55,90,64.0
17859,16,90,65.0
17860,73,90,66.0
17861,66,90,67.0
17862,18,90,68.0
17863,48,90,69.0
17864,47,90,70.0
17865,97,90,71.0
17866,108,90,72.0
17867,44,90,73.0
17868,46,90,74.0
17869,109,90,75.0
17870,36,90,76.0
17871,23,90,77.0
17872,58,90,78.0
17874,157,90,80.0
17875,69,90,81.0
17878,145,90,84.0
17879,20,90,85.0
17883,99,90,89.0
17884,22,90,90.0
17885,26,90,91.0
17886,21,90,92.0
17887,24,90,93.0
17890,126,90,96.0
17891,27,90,97.0
17894,120,90,100.0
17896,107,90,102.0
17897,130,90,103.0
17898,132,90,104.0
17899,112,90,105.0
17900,17,90,106.0
17901,56,90,107.0
17902,68,90,108.0
17904,62,90,110.0
17905,63,90,111.0
17907,76,90,113.0
17908,25,90,114.0
17910,42,90,116.0
17913,122,90,119.0
17914,39,90,120.0
17915,59,90,121.0
17917,140,90,123.0
17918,127,90,124.0
17921,148,90,127.0
17923,150,90,129.0
17925,38,90,131.0
17926,115,90,132.0
17927,147,90,133.0
17932,7,90,138.0
19044,80,79,1.0
19045,133,79,2.0001
19046,134,79,3.0001
19047,135,79,4.0001
19048,81,79,5.0001
19049,82,79,6.0001
19051,143,79,8.0001
19054,3,79,11.0001
19056,110,79,13.0001
19057,152,79,14.0001
19058,32,79,15.0001
19060,129,79,17.0001
19061,8,79,18.0001
19387,3,99,3.0
19389,143,99,5.0
19391,110,99,7.0
19392,8,99,8.0
19393,7,99,9.0
19396,128,99,12.0
19398,16,99,14.0
19399,10,99,15.0
19401,111,99,17.0
19403,15,99,19.0
19404,17,99,20.0
19405,129,99,21.0
19406,18,99,22.0
19407,20,99,23.0
19410,21,99,26.0
19411,145,99,27.0
19412,22,99,28.0
19413,23,99,29.0
19414,24,99,30.0
19415,25,99,31.0
19417,26,99,33.0
19418,122,99,34.0
19419,140,99,35.0
19420,27,99,36.0
19423,107,99,39.0
19424,32,99,40.0
19428,35,99,44.0
19429,80,99,45.0
19430,36,99,46.0
19431,38,99,47.0
19432,39,99,48.0
19433,40,99,49.0
19434,141,99,50.0
19436,118,99,52.0
19437,42,99,53.0
19439,112,99,55.0
19440,44,99,56.0
19441,46,99,57.0
19442,133,99,58.0
19443,120,99,59.0
19444,134,99,60.0
19445,92,99,61.0
19446,144,99,62.0
19447,147,99,63.0
19448,50,99,64.0
19450,172,99,66.0
19454,51,99,70.0
19455,58,99,71.0
19456,148,99,72.0
19457,100,99,73.0
19459,99,99,75.0
19461,126,99,77.0
19462,127,99,78.0
19463,109,99,79.0
19464,131,99,80.0
19465,108,99,81.0
19466,157,99,82.0
19467,150,99,83.0
19469,130,99,85.0
19471,125,99,87.0
19472,124,99,88.0
19473,135,99,89.0
19474,162,99,90.0
19477,54,99,93.0
19478,55,99,94.0
19479,56,99,95.0
19483,59,99,99.0
19486,60,99,102.0
19488,62,99,104.0
19489,63,99,105.0
19491,115,99,107.0
19492,95,99,108.0
19495,65,99,111.0
19496,66,99,112.0
19497,97,99,113.0
19499,47,99,115.0
19500,48,99,116.0
19501,68,99,117.0
19504,69,99,120.0
19508,81,99,124.0
19509,82,99,125.0
19510,152,99,126.0
19511,73,99,127.0
19512,132,99,128.0
19513,119,99,129.0
19515,105,99,131.0
19517,75,99,133.0
19518,76,99,134.0
19626,147,79,137.0001
19627,115,79,136.0001
19628,38,79,135.0001
19631,150,79,132.0001
19634,148,79,129.0001
19637,127,79,126.0001
19638,140,79,125.0001
19640,59,79,123.0001
19642,80,100,1.0
19643,133,100,2.0
19644,134,100,3.0
19645,135,100,4.0
19646,81,100,5.0
19647,82,100,6.0
19649,143,100,8.0
19652,3,100,11.0
19654,110,100,13.0
19655,152,100,14.0
19656,32,100,15.0
19658,129,100,17.0
19659,8,100,18.0
19660,7,100,19.0
19661,128,100,20.0
19663,131,100,22.0
19664,75,100,23.0
19666,118,100,25.0
19669,54,100,28.0
19675,124,100,34.0
19676,125,100,35.0
19677,141,100,36.0
19680,105,100,39.0
19681,162,100,40.0
19683,51,100,42.0
19686,10,100,45.0
19687,111,100,46.0
19688,144,100,47.0
19691,35,100,50.0
19692,119,100,51.0
19697,50,100,56.0
19698,40,100,57.0
19699,65,100,58.0
19701,100,100,60.0
19702,95,100,61.0
19703,15,100,62.0
19704,92,100,63.0
19705,60,100,64.0
19706,55,100,65.0
19707,16,100,66.0
19708,73,100,67.0
19709,66,100,68.0
19710,18,100,69.0
19711,48,100,70.0
19712,47,100,71.0
19713,97,100,72.0
19714,108,100,73.0
19715,44,100,74.0
19716,46,100,75.0
19717,109,100,76.0
19718,36,100,77.0
19719,23,100,78.0
19720,58,100,79.0
19722,157,100,81.0
19723,69,100,82.0
19726,145,100,85.0
19727,20,100,86.0
19731,99,100,90.0
19732,22,100,91.0
19733,26,100,92.0
19734,21,100,93.0
19735,24,100,94.0
19738,126,100,97.0
19739,27,100,98.0
19742,120,100,101.0
19744,107,100,103.0
19745,130,100,104.0
19746,132,100,105.0
19747,112,100,106.0
19748,17,100,107.0
19749,56,100,108.0
19750,68,100,109.0
19752,62,100,111.0
19753,63,100,112.0
19755,76,100,114.0
19756,25,100,115.0
19758,42,100,117.0
19761,122,100,120.0
19762,39,100,121.0
19764,59,100,123.0
19766,140,100,125.0
19767,127,100,126.0
19770,148,100,129.0
19772,172,100,131.0
19773,150,100,132.0
19776,38,100,135.0
19777,115,100,136.0
19778,147,100,137.0
20465,175,1,45.0
20657,118,1,23.0
20660,54,1,24.0
20666,124,1,25.0
20667,125,1,26.0
20668,141,1,27.0
20671,105,1,28.0
20672,162,1,29.0
20674,51,1,30.0
20677,10,1,31.0
20678,111,1,32.0
20679,144,1,33.0
20682,35,1,34.0
20683,119,1,35.0
20688,50,1,36.0
20689,40,1,37.0
20690,65,1,38.0
20692,100,1,39.0
20693,95,1,40.0
20694,15,1,41.0
20695,92,1,42.0
20696,60,1,43.0
20697,55,1,44.0
20872,176,1,46.0
20897,147,1,95.0
20898,115,1,94.0
20899,38,1,93.0
20902,150,1,92.0
20904,172,1,91.0
20905,148,1,90.0
20908,127,1,89.0
20909,140,1,88.0
20911,59,1,87.0
20913,39,1,86.0
20914,122,1,85.0
20917,42,1,84.0
20919,25,1,83.0
20920,76,1,82.0
20922,63,1,81.0
20923,62,1,80.0
20925,68,1,79.0
20926,56,1,78.0
20927,17,1,77.0
20928,112,1,76.0
20929,132,1,75.0
20930,130,1,74.0
20931,107,1,73.0
20933,120,1,72.0
20935,27,1,71.0
20936,126,1,70.0
20939,24,1,69.0
20940,21,1,68.0
20941,26,1,67.0
20942,22,1,66.0
20943,99,1,65.0
20947,20,1,64.0
20948,145,1,63.0
20951,69,1,62.0
20952,157,1,61.0
20954,58,1,60.0
20955,23,1,59.0
20956,36,1,58.0
20957,109,1,57.0
20958,46,1,56.0
20959,44,1,55.0
20960,108,1,54.0
20961,97,1,53.0
20962,47,1,52.0
20963,48,1,51.0
20964,18,1,50.0
20965,66,1,49.0
20966,73,1,48.0
20967,16,1,47.0
21377,140,108,129.0
21378,127,108,130.0
21381,148,108,133.0
21382,172,108,134.0
21384,150,108,136.0
21387,38,108,139.0
21388,115,108,140.0
21389,147,108,141.0
21430,130,109,0.0
21431,132,109,1.0
21432,17,109,3.0
21433,56,109,4.0
21434,68,109,5.0
21436,62,109,7.0
21437,63,109,8.0
21439,76,109,10.0
21440,25,109,11.0
21442,42,109,13.0
21445,122,109,16.0001
21446,39,109,17.0001
21449,59,109,19.0001
21452,112,109,2.0
21521,100,112,3.0001
21522,95,112,4.0001
21523,15,112,5.0001
21524,92,112,6.0001
21525,60,112,7.0001
21526,55,112,8.0001
21527,175,112,9.0001
21528,176,112,10.0001
21529,16,112,11.0001
21530,73,112,12.0001
21531,66,112,13.0001
21532,18,112,14.0001
21533,48,112,15.0
21534,47,112,16.0
21535,97,112,17.0
21536,108,112,0.0001
21537,44,112,1.0001
21538,46,112,2.0001
21552,129,113,0.0
21553,8,113,1.0
21554,7,113,2.0
21555,173,113,3.0
21556,110,113,4.0
21558,177,113,5.0
21559,152,113,7.0
21561,32,113,6.0
21588,80,115,1.0
21589,133,115,2.0
21590,134,115,3.0
21591,135,115,4.0
21592,81,115,5.0
21593,82,115,6.0
21600,105,116,0.0
21601,162,116,1.0
21603,51,116,3.0
21606,10,116,6.0
21607,111,116,7.0
21608,144,116,8.0
21611,35,116,11.0
21612,119,116,12.0
21617,50,116,17.0
21618,65,116,18.0
21626,128,117,0.0
21647,143,118,1.0
21650,3,118,4.0
21653,80,118,7.0
21654,82,118,8.0
21655,110,118,9.0
21656,129,118,10.0
21657,128,118,11.0
21658,105,118,12.0
21659,100,118,13.0
21660,46,118,14.0
21661,109,118,15.0
21663,126,118,16.0
21664,112,118,17.0
21665,127,118,18.0
21666,172,118,19.0
21667,140,119,0.0
21668,127,119,1.0
21671,148,119,4.0
21672,172,119,5.0
21674,150,119,7.0
21677,38,119,10.0
21678,115,119,11.0
21679,147,119,12.0
21681,80,119,14.0
21682,82,119,15.0
21683,143,119,16.0
21684,110,119,17.0
21692,129,119,18.0
21693,112,119,25.0
21694,126,119,24.0
21695,109,119,23.0
21696,46,119,22.0
21697,100,119,21.0
21698,105,119,20.0
21699,128,119,19.0
21700,108,120,0.0
21701,44,120,1.0
21702,46,120,2.0
21703,100,120,3.0
21704,95,120,4.0
21705,15,120,5.0
21706,92,120,6.0
21707,60,120,7.0
21708,55,120,8.0
21709,175,120,9.0
21710,176,120,10.0
21711,16,120,11.0
21712,73,120,12.0
21713,66,120,13.0
21714,18,120,14.0
21715,48,120,15.0
21716,47,120,16.0
21717,97,120,17.0
21719,80,120,19.0
21720,82,120,20.0
21721,143,120,21.0
21722,110,120,22.0
21723,129,120,23.0
21724,128,120,24.0
21725,105,120,25.0
21726,109,120,26.0
21727,126,120,27.0
21728,112,120,28.0
21729,127,120,29.0
21730,172,120,30.0
21732,80,121,1.0
21733,133,121,2.0
21734,134,121,3.0
21735,135,121,4.0
21736,81,121,5.0
21737,82,121,6.0
21738,143,121,7.0
21739,110,121,8.0
21740,129,121,9.0
21741,128,121,10.0
21742,105,121,11.0
21743,100,121,12.0
21744,46,121,13.0
21745,109,121,14.0
21746,126,121,15.0
21747,112,121,16.0
21748,127,121,17.0
21749,172,121,18.0
21750,109,122,0.0
21751,36,122,1.0
21752,23,122,2.0
21753,58,122,3.0
21755,157,122,5.0
21756,69,122,6.0
21759,145,122,9.0
21760,20,122,10.0
21764,99,122,14.0
21765,22,122,15.0
21766,26,122,16.0
21767,21,122,17.0
21768,24,122,18.0
21771,126,122,21.0
21772,27,122,22.0
21774,120,122,24.0
21776,107,122,26.0
21778,80,122,28.0
21779,82,122,29.0
21780,143,122,30.0
21781,110,122,31.0
21782,129,122,32.0
21783,128,122,33.0
21784,105,122,34.0
21785,100,122,35.0
21786,46,122,36.0
21787,112,122,37.0
21788,127,122,38.0
21789,172,122,39.0
21790,129,123,0.0
21791,8,123,1.0
21792,7,123,2.0
21793,173,123,3.0
21794,110,123,4.0
21795,177,123,5.0
21796,32,123,6.0
21797,152,123,7.0
21800,80,123,10.0
21801,82,123,11.0
21802,143,123,12.0
21803,128,123,13.0
21804,105,123,14.0
21805,100,123,15.0
21806,46,123,16.0
21807,109,123,17.0
21808,126,123,18.0
21809,112,123,19.0
21810,127,123,20.0
21811,172,123,21.0
21812,105,124,0.0
21813,162,124,1.0
21815,51,124,3.0
21818,10,124,6.0
21819,111,124,7.0
21820,144,124,8.0
21823,35,124,11.0
21824,119,124,12.0
21829,50,124,17.0
21830,65,124,18.0
21833,80,124,21.0
21834,82,124,22.0
21835,143,124,23.0
21836,110,124,24.0
21837,129,124,25.0
21838,128,124,26.0
21839,100,124,27.0
21840,46,124,28.0
21841,109,124,29.0
21842,126,124,30.0
21845,112,124,31.0
21846,172,124,33.0
21847,127,124,32.0
21848,128,125,0.0
21849,131,125,1.0
21851,174,125,3.0
21852,75,125,4.0
21854,118,125,6.0
21857,54,125,9.0
21863,124,125,15.0
21864,125,125,16.0
21865,141,125,17.0
21869,80,125,21.0
21870,82,125,22.0
21871,143,125,23.0
21872,110,125,24.0
21873,129,125,25.0
21874,105,125,26.0
21875,100,125,27.0
21876,46,125,28.0
21877,109,125,29.0
21878,126,125,30.0
21879,112,125,31.0
21880,127,125,32.0
21881,172,125,33.0
21882,130,126,0.0
21883,132,126,1.0
21884,112,126,2.0
21885,17,126,3.0
21886,56,126,4.0
21887,68,126,5.0
21889,62,126,7.0
21890,63,126,8.0
21892,76,126,10.0
21893,25,126,11.0
21895,42,126,13.0
21898,122,126,16.0
21899,39,126,17.0
21901,59,126,19.0
21904,80,126,22.0
21905,82,126,23.0
21906,143,126,24.0
21907,110,126,25.0
21908,129,126,26.0
21909,128,126,27.0
21910,105,126,28.0
21911,100,126,29.0
21912,46,126,30.0
21913,109,126,31.0
21914,126,126,32.0
21915,127,126,33.0
21916,172,126,34.0
22112,75,1,22.0
22113,179,1,20.0
22117,3,128,3.0
22119,143,128,5.0
22121,110,128,7.0
22122,8,128,8.0
22123,7,128,9.0
22126,128,128,12.0
22128,16,128,14.0
22129,10,128,15.0
22131,111,128,17.0
22133,15,128,19.0
22134,17,128,20.0
22135,129,128,21.0
22136,18,128,22.0
22137,20,128,23.0
22140,21,128,26.0
22141,145,128,27.0
22142,22,128,28.0
22143,23,128,29.0
22144,24,128,30.0
22145,25,128,31.0
22147,26,128,33.0
22148,122,128,34.0
22149,140,128,35.0
22150,27,128,36.0
22152,107,128,38.0
22153,32,128,39.0
22157,35,128,43.0
22158,80,128,44.0
22159,36,128,45.0
22160,38,128,46.0
22161,39,128,47.0
22162,40,128,48.0
22163,175,128,49.0
22164,141,128,50.0
22166,174,128,52.0
22167,118,128,53.0
22168,42,128,54.0
22170,112,128,56.0
22171,44,128,57.0
22172,46,128,58.0
22173,133,128,59.0
22174,120,128,60.0
22175,134,128,61.0
22176,92,128,62.0
22177,144,128,63.0
22178,147,128,64.0
22179,50,128,65.0
22181,172,128,67.0
22183,178,128,69.0
22185,173,128,71.0
22187,51,128,73.0
22188,58,128,74.0
22189,177,128,75.0
22190,148,128,76.0
22191,100,128,77.0
22193,99,128,79.0
22195,126,128,81.0
22196,127,128,82.0
22197,109,128,83.0
22198,131,128,84.0
22199,108,128,85.0
22200,157,128,86.0
22201,150,128,87.0
22203,130,128,89.0
22205,125,128,91.0
22206,124,128,92.0
22207,135,128,93.0
22208,162,128,94.0
22209,179,128,95.0
22212,54,128,98.0
22213,176,128,99.0
22214,55,128,100.0
22215,56,128,101.0
22219,59,128,105.0
22222,60,128,108.0
22224,62,128,110.0
22225,63,128,111.0
22227,115,128,113.0
22228,95,128,114.0
22231,65,128,117.0
22232,66,128,118.0
22233,97,128,119.0
22235,47,128,121.0
22236,48,128,122.0
22237,68,128,123.0
22240,69,128,126.0
22244,81,128,130.0
22245,82,128,131.0
22246,152,128,132.0
22247,73,128,133.0
22248,132,128,134.0
22249,119,128,135.0
22251,105,128,137.0
22253,75,128,139.0
22254,76,128,140.0
22283,80,1,1.0
22284,133,1,2.0
22285,134,1,3.0
22286,135,1,4.0
22287,81,1,5.0
22288,82,1,6.0
22290,143,1,7.0
22293,3,1,8.0
22295,173,1,9.0
22296,110,1,10.0
22297,177,1,11.0
22298,152,1,12.0
22299,32,1,13.0
22301,129,1,14.0
22302,8,1,15.0
22303,7,1,16.0
22304,128,1,17.0
22305,131,1,18.0
22307,174,1,19.0
22309,178,1,21.0
22454,176,129,72.0001
22456,179,129,27.0001
22457,174,129,26.0001
22460,147,129,144.0
22461,115,129,143.0
22462,38,129,142.0
22465,150,129,139.0
22466,172,129,138.0001
22468,148,129,136.0001
22471,127,129,133.0001
22472,140,129,132.0001
22474,59,129,130.0001
22476,39,129,128.0001
22477,122,129,127.0001
22480,42,129,124.0001
22482,25,129,122.0001
22483,76,129,121.0001
22485,63,129,119.0001
22486,62,129,118.0001
22488,68,129,116.0001
22489,56,129,115.0001
22490,17,129,114.0001
22491,112,129,113.0001
22492,132,129,112.0001
22493,130,129,111.0001
22494,107,129,110.0001
22496,120,129,108.0001
22499,27,129,105.0001
22500,126,129,104.0001
22503,24,129,101.0001
22504,21,129,100.0001
22505,26,129,99.0001
22506,22,129,98.0001
22507,99,129,97.0001
22511,20,129,93.0001
22512,145,129,92.0001
22515,69,129,89.0001
22516,157,129,88.0001
22518,58,129,86.0001
22519,23,129,85.0001
22520,36,129,84.0001
22521,109,129,83.0001
22522,46,129,82.0001
22523,44,129,81.0001
22524,108,129,80.0001
22525,97,129,79.0001
22526,47,129,78.0001
22527,48,129,77.0001
22528,18,129,76.0001
22529,66,129,75.0001
22530,73,129,74.0001
22531,16,129,73.0001
22557,118,129,30.0001
22560,54,129,33.0001
22566,124,129,39.0001
22567,125,129,40.0001
22568,141,129,41.0001
22571,105,129,44.0001
22572,162,129,45.0001
22574,51,129,47.0001
22577,10,129,50.0001
22578,111,129,51.0001
22579,144,129,52.0001
22582,35,129,55.0001
22583,119,129,56.0001
22588,50,129,61.0001
22589,40,129,62.0001
22590,65,129,63.0001
22592,100,129,65.0001
22593,95,129,66.0001
22594,15,129,67.0001
22595,92,129,68.0001
22596,60,129,69.0001
22597,55,129,70.0001
22598,175,129,71.0001
22623,75,129,28.0001
22662,152,129,16.0001
22663,32,129,17.0001
22665,129,129,19.0001
22666,8,129,20.0001
22667,7,129,21.0001
22668,128,129,22.0001
22670,131,129,24.0001
22671,178,129,25.0001
22672,177,129,15.0001
22689,80,129,1.0001
22690,133,129,2.0001
22691,134,129,3.0001
22692,135,129,4.0001
22693,81,129,5.0001
22694,82,129,6.0001
22696,143,129,8.0001
22699,3,129,11.0001
22701,173,129,13.0001
22702,110,129,14.0001
22704,80,130,1.0
22709,82,130,2.0
22710,143,130,3.0
22711,110,130,4.0
22712,129,130,5.0
22713,128,130,6.0001
22714,105,130,7.0001
22715,100,130,8.0001
22716,46,130,9.0001
22722,107,130,10.0001
22723,172,130,15.0001
22724,127,130,14.0001
22725,112,130,13.0001
22726,126,130,12.0001
22727,109,130,11.0001
22921,176,131,52.0001
22973,178,131,18.0001
22974,7,131,12.0001
22976,173,131,5.0
22977,115,131,106.0
22978,38,131,105.0
22985,127,131,104.0
22986,140,131,97.0001
22988,59,131,95.0001
22989,39,131,94.0001
22990,122,131,93.0001
22992,42,131,91.0001
22994,25,131,89.0001
22995,76,131,88.0001
22996,63,131,87.0001
22997,62,131,86.0001
22999,68,131,84.0001
23000,56,131,83.0001
23001,17,131,82.0001
23002,112,131,81.0001
23003,132,131,80.0001
23004,130,131,79.0001
23005,107,131,78.0001
23006,120,131,77.0001
23007,27,131,76.0001
23008,126,131,75.0001
23009,24,131,74.0001
23010,21,131,73.0001
23011,26,131,72.0001
23012,22,131,71.0001
23013,99,131,70.0001
23014,20,131,69.0001
23015,69,131,68.0001
23016,58,131,67.0001
23017,23,131,66.0001
23018,36,131,65.0001
23019,157,131,64.0001
23020,109,131,63.0001
23021,46,131,62.0001
23022,44,131,61.0001
23023,108,131,60.0001
23024,97,131,59.0001
23025,47,131,58.0001
23026,48,131,57.0001
23027,18,131,56.0001
23028,66,131,55.0001
23029,73,131,54.0001
23030,16,131,53.0001
23044,75,131,19.0001
23046,118,131,21.0001
23048,54,131,23.0001
23053,124,131,28.0001
23054,125,131,29.0001
23055,105,131,30.0001
23056,162,131,31.0001
23057,51,131,32.0001
23060,10,131,35.0001
23061,111,131,36.0001
23062,35,131,37.0001
23063,119,131,38.0001
23067,50,131,42.0001
23068,40,131,43.0001
23069,65,131,44.0001
23070,100,131,45.0001
23071,95,131,46.0001
23072,15,131,47.0001
23073,92,131,48.0001
23074,60,131,49.0001
23075,55,131,50.0001
23076,175,131,51.0001
23112,128,131,13.0001
23114,179,131,15.0001
23115,174,131,16.0001
23116,131,131,17.0001
23125,129,131,10.0
23126,8,131,11.0001
23132,80,131,0.0001
23133,133,131,1.0001
23134,134,131,2.0001
23135,81,131,3.0001
23136,82,131,4.0001
23141,143,131,9.0001
23142,32,131,8.0
23144,177,131,7.0
23145,110,131,6.0
23146,148,131,98.0001
23147,172,131,99.0001
23148,150,131,100.0001
23309,173,133,13.0
23310,110,133,14.0
23311,177,133,15.0
23312,152,133,16.0
23313,32,133,17.0
23315,129,133,19.0
23316,8,133,20.0
23317,7,133,21.0
23318,128,133,22.0
23319,131,133,23.0
23321,174,133,25.0
23322,179,133,26.0
23323,178,133,27.0
23324,75,133,28.0
23326,118,133,30.0
23329,54,133,33.0
23335,124,133,39.0
23336,125,133,40.0
23337,141,133,41.0
23340,105,133,44.0
23341,162,133,45.0
23343,51,133,47.0
23346,10,133,50.0
23347,111,133,51.0
23348,144,133,52.0
23351,35,133,55.0
23352,119,133,56.0
23357,50,133,61.0
23358,40,133,62.0
23359,65,133,63.0
23361,100,133,65.0
23362,95,133,66.0
23363,15,133,67.0
23364,92,133,68.0
23365,60,133,69.0
23366,55,133,70.0
23367,175,133,71.0
23368,176,133,72.0
23369,16,133,73.0
23370,73,133,74.0
23371,66,133,75.0
23372,18,133,76.0
23373,48,133,77.0
23374,47,133,78.0
23375,97,133,79.0
23376,108,133,80.0
23377,44,133,81.0
23378,46,133,82.0
23379,109,133,83.0
23380,36,133,84.0
23381,23,133,85.0
23382,58,133,86.0
23384,157,133,88.0
23385,69,133,89.0
23388,145,133,92.0
23389,20,133,93.0
23393,99,133,97.0
23394,22,133,98.0
23395,26,133,99.0
23396,21,133,100.0
23397,24,133,101.0
23400,126,133,104.0
23401,27,133,105.0
23403,120,133,107.0
23405,107,133,109.0
23406,130,133,110.0
23407,132,133,111.0
23408,112,133,112.0
23409,17,133,113.0
23410,56,133,114.0
23411,68,133,115.0
23413,62,133,117.0
23414,63,133,118.0
23416,76,133,120.0
23417,25,133,121.0
23419,42,133,123.0
23422,122,133,126.0
23423,39,133,127.0
23425,59,133,129.0
23427,140,133,131.0
23428,127,133,132.0
23431,148,133,135.0
23432,172,133,136.0
23434,150,133,138.0
23437,38,133,141.0
23438,115,133,142.0
23439,147,133,143.0
23474,3,133,11.0
23476,80,133,1.0
23477,133,133,2.0
23478,134,133,3.0
23479,135,133,4.0
23480,81,133,5.0
23481,82,133,6.0
23482,143,133,8.0
24851,188,1,96.0
25022,188,133,145.0
25023,189,1,97.0
25194,189,133,146.0
25195,190,1,98.0
25367,190,133,147.0
25893,195,1,99.0
26069,195,113,10.0
26427,201,1,100.0
26606,201,123,24.0
26789,80,153,1.0
26790,133,153,2.0
26791,134,153,3.0
26792,135,153,4.0
26793,81,153,5.0
26794,82,153,6.0
26796,143,153,8.0
26799,3,153,11.0
26801,173,153,13.0
26802,110,153,14.0
26803,177,153,15.0
26804,152,153,16.0
26805,32,153,17.0
26807,129,153,19.0
26808,8,153,20.0
26809,7,153,21.0
26810,128,153,22.0
26811,131,153,23.0
26813,174,153,25.0
26814,179,153,26.0
26815,178,153,27.0
26816,75,153,28.0
26818,118,153,30.0
26821,54,153,33.0
26827,124,153,39.0
26828,125,153,40.0
26829,141,153,41.0
26832,105,153,44.0
26833,162,153,45.0
26835,51,153,47.0
26838,10,153,50.0
26839,111,153,51.0
26840,144,153,52.0
26843,35,153,55.0
26844,119,153,56.0
26849,50,153,61.0
26850,40,153,62.0
26851,65,153,63.0
26853,100,153,65.0
26854,95,153,66.0
26855,15,153,67.0
26856,92,153,68.0
26857,60,153,69.0
26858,55,153,70.0
26859,175,153,71.0
26860,176,153,72.0
26861,16,153,73.0
26862,73,153,74.0
26863,66,153,75.0
26864,18,153,76.0
26865,48,153,77.0
26866,47,153,78.0
26867,97,153,79.0
26868,108,153,80.0
26869,44,153,81.0
26870,46,153,82.0
26871,109,153,83.0
26872,36,153,84.0
26873,23,153,85.0
26874,58,153,86.0
26876,157,153,88.0
26877,69,153,89.0
26880,145,153,92.0
26881,20,153,93.0
26885,99,153,97.0
26886,22,153,98.0
26887,26,153,99.0
26888,21,153,100.0
26889,24,153,101.0
26892,126,153,104.0
26893,27,153,105.0
26895,120,153,107.0
26897,107,153,109.0
26898,130,153,110.0
26899,132,153,111.0
26900,112,153,112.0
26901,17,153,113.0
26902,56,153,114.0
26903,68,153,115.0
26905,62,153,117.0
26906,63,153,118.0
26908,76,153,120.0
26909,25,153,121.0
26911,42,153,123.0
26914,122,153,126.0
26915,39,153,127.0
26916,59,153,128.0
26918,140,153,130.0
26919,127,153,131.0
26922,148,153,134.0
26923,172,153,135.0
26925,150,153,137.0
26928,38,153,140.0
26929,115,153,141.0
26930,147,153,142.0
26956,188,153,168.0
26957,189,153,169.0
26958,190,153,170.0
26959,195,153,171.0
26961,201,153,173.0
26963,203,1,101.0
27140,203,153,175.0
27141,204,1,102.0
27319,204,153,176.0
27681,207,1,103.0
27862,207,153,179.0
27863,208,1,104.0
27867,3,159,3.0
27869,143,159,5.0
27871,110,159,7.0
27872,203,159,8.0
27873,8,159,9.0
27874,7,159,10.0
27878,128,159,14.0
27880,16,159,16.0
27881,10,159,17.0
27883,111,159,19.0
27886,15,159,22.0
27887,17,159,23.0
27888,129,159,24.0
27889,18,159,25.0
27890,207,159,26.0
27891,20,159,27.0
27894,21,159,30.0
27895,145,159,31.0
27896,22,159,32.0
27897,23,159,33.0
27898,24,159,34.0
27899,25,159,35.0
27901,26,159,37.0
27902,122,159,38.0
27903,140,159,39.0
27904,27,159,40.0
27906,107,159,42.0
27907,32,159,43.0
27909,195,159,45.0
27910,201,159,46.0
27914,35,159,50.0
27915,80,159,51.0
27916,36,159,52.0
27917,38,159,53.0
27918,39,159,54.0
27919,40,159,55.0
27920,175,159,56.0
27921,141,159,57.0
27922,174,159,58.0
27923,118,159,59.0
27924,42,159,60.0
27926,190,159,62.0
27927,112,159,63.0
27928,44,159,64.0
27929,46,159,65.0
27930,133,159,66.0
27931,120,159,67.0
27932,134,159,68.0
27933,92,159,69.0
27934,144,159,70.0
27935,147,159,71.0
27936,50,159,72.0
27938,172,159,74.0
27940,178,159,76.0
27942,173,159,78.0
27943,189,159,79.0
27944,51,159,80.0
27945,58,159,81.0
27946,177,159,82.0
27947,148,159,83.0
27948,100,159,84.0
27950,99,159,86.0
27952,126,159,88.0
27953,127,159,89.0
27954,109,159,90.0
27955,131,159,91.0
27956,108,159,92.0
27957,204,159,93.0
27958,157,159,94.0
27959,150,159,95.0
27961,130,159,97.0
27963,125,159,99.0
27964,124,159,100.0
27965,135,159,101.0
27966,162,159,102.0
27967,179,159,103.0
27970,54,159,106.0
27971,176,159,107.0
27972,55,159,108.0
27973,56,159,109.0
27977,59,159,113.0
27980,60,159,116.0
27982,62,159,118.0
27983,63,159,119.0
27985,115,159,121.0
27986,95,159,122.0
27989,65,159,125.0
27990,66,159,126.0
27991,97,159,127.0
27993,47,159,129.0
27994,48,159,130.0
27995,68,159,131.0
27998,69,159,134.0
28002,81,159,138.0
28003,82,159,139.0
28004,152,159,140.0
28005,188,159,141.0
28006,73,159,142.0
28007,132,159,143.0
28008,119,159,144.0
28010,105,159,146.0
28013,75,159,149.0
28014,76,159,150.0
28017,208,159,153.0
28045,208,153,180.0
28046,209,1,105.0
28229,209,153,181.0
28230,210,1,106.0
28412,210,153,182.0
28413,211,1,107.0
28596,211,153,183.0
28597,212,1,108.0
28781,212,153,184.0
28782,213,1,109.0
28967,213,153,185.0
28968,214,1,110.0
29154,214,153,186.0
29155,215,1,111.0
29342,215,153,187.0
29343,216,1,112.0
29531,216,153,188.0
29532,217,1,113.0
29721,217,153,189.0
29913,219,1,114.0
29917,3,170,3.0
29919,143,170,5.0
29921,110,170,7.0
29922,203,170,8.0
29923,8,170,9.0
29924,7,170,10.0
29928,128,170,14.0
29930,16,170,16.0
29931,10,170,17.0
29935,15,170,21.0
29936,17,170,22.0
29937,129,170,23.0
29938,18,170,24.0
29939,207,170,25.0
29940,20,170,26.0
29943,21,170,29.0
29944,145,170,30.0
29945,22,170,31.0
29946,23,170,32.0
29947,24,170,33.0
29948,25,170,34.0
29950,26,170,36.0
29951,122,170,37.0
29952,140,170,38.0
29953,27,170,39.0
29955,107,170,41.0
29956,32,170,42.0
29957,210,170,43.0
29958,195,170,44.0
29959,201,170,45.0
29960,211,170,46.0
29963,35,170,49.0
29964,80,170,50.0
29965,36,170,51.0
29966,38,170,52.0
29967,39,170,53.0
29968,216,170,54.0
29969,214,170,55.0
29970,40,170,56.0
29971,175,170,57.0
29972,213,170,58.0
29973,141,170,59.0
29974,174,170,60.0
29975,118,170,61.0
29976,42,170,62.0
29978,190,170,64.0
29979,112,170,65.0
29980,44,170,66.0
29981,46,170,67.0
29982,133,170,68.0
29983,120,170,69.0
29984,134,170,70.0
29985,92,170,71.0
29986,144,170,72.0
29987,111,170,73.0
29988,147,170,74.0
29989,50,170,75.0
29991,172,170,77.0
29993,178,170,79.0
29995,173,170,81.0
29996,189,170,82.0
29997,51,170,83.0
29998,58,170,84.0
29999,177,170,85.0
30000,148,170,86.0
30001,100,170,87.0
30003,99,170,89.0
30004,209,170,90.0
30006,126,170,92.0
30007,127,170,93.0
30008,109,170,94.0
30009,131,170,95.0
30010,108,170,96.0
30011,204,170,97.0
30012,157,170,98.0
30013,150,170,99.0
30015,130,170,101.0
30017,125,170,103.0
30018,124,170,104.0
30019,135,170,105.0
30020,162,170,106.0
30021,219,170,107.0
30022,179,170,108.0
30025,54,170,111.0
30027,176,170,113.0
30028,55,170,114.0
30029,56,170,115.0
30033,59,170,119.0
30036,60,170,122.0
30037,215,170,123.0
30039,62,170,125.0
30040,63,170,126.0
30042,115,170,128.0
30043,95,170,129.0
30046,65,170,132.0
30047,66,170,133.0
30048,97,170,134.0
30050,47,170,136.0
30051,48,170,137.0
30052,68,170,138.0
30055,69,170,141.0
30059,81,170,145.0
30060,82,170,146.0
30061,217,170,147.0
30062,152,170,148.0
30063,188,170,149.0
30064,73,170,150.0
30065,132,170,151.0
30066,119,170,152.0
30068,212,170,154.0
30069,105,170,155.0
30072,75,170,158.0
30073,76,170,159.0
30076,208,170,162.0
30104,219,153,191.0
30106,80,171,1.0
30107,133,171,2.0
30110,81,171,5.0
30111,82,171,6.0
30112,143,171,7.0
30114,173,171,8.0
30115,110,171,9.0
30116,177,171,10.0
30117,152,171,11.0
30118,32,171,12.0
30119,129,171,13.0
30120,8,171,14.0
30121,7,171,15.0
30122,128,171,16.0
30123,131,171,17.0
30125,174,171,19.0
30126,179,171,20.0
30127,178,171,21.0
30130,118,171,24.0
30131,54,171,25.0
30136,124,171,30.0
30137,125,171,31.0
30140,105,171,34.0
30141,162,171,35.0
30142,51,171,36.0
30143,10,171,37.0
30144,111,171,38.0
30145,144,171,39.0
30147,35,171,41.0
30148,119,171,42.0
30151,50,171,45.0
30152,40,171,46.0
30153,65,171,47.0
30154,100,171,48.0
30155,95,171,49.0
30156,15,171,50.0
30157,92,171,51.0
30158,60,171,52.0
30159,55,171,53.0
30160,175,171,54.0
30161,176,171,55.0
30162,16,171,56.0
30163,73,171,57.0
30164,66,171,58.0
30165,18,171,59.0
30166,48,171,60.0
30167,47,171,61.0
30168,97,171,62.0
30169,108,171,63.0
30170,44,171,64.0
30171,46,171,65.0
30173,36,171,67.0
30174,23,171,68.0
30175,58,171,69.0
30176,157,171,70.0
30177,69,171,71.0
30178,145,171,72.0
30179,20,171,73.0
30183,22,171,77.0
30185,21,171,79.0
30186,24,171,80.0
30189,27,171,83.0
30190,120,171,84.0
30192,130,171,86.0
30193,132,171,87.0
30194,112,171,88.0
30195,17,171,89.0
30196,56,171,90.0
30197,68,171,91.0
30199,62,171,93.0
30200,63,171,94.0
30201,76,171,95.0
30202,25,171,96.0
30204,42,171,97.0
30206,122,171,98.0
30207,39,171,99.0
30208,59,171,100.0
30209,140,171,101.0
30210,127,171,102.0
30213,148,171,105.0
30214,172,171,106.0
30216,150,171,108.0
30244,220,1,115.0
30631,222,1,116.0
30827,222,171,109.0
30828,3,171,139.0
30830,220,171,137.0
30831,219,171,136.0
30839,211,171,128.0
30840,210,171,127.0
30841,209,171,126.0
30843,207,171,124.0
30846,204,171,121.0
30847,203,171,120.0
30848,201,171,119.0
30849,195,171,118.0
30850,190,171,117.0
30851,189,171,116.0
30852,188,171,115.0
30853,147,171,114.0
30854,115,171,113.0
30855,38,171,112.0
31858,222,180,8.0
31861,228,1,117.0
32061,229,1,118.0
32261,229,171,144.0
32262,230,1,119.0
32463,230,171,145.0
32464,231,1,120.0
32666,231,171,146.0
33074,234,1,121.0
33278,234,171,149.0
33485,236,1,122.0
33691,236,171,151.0
33692,26,171,152.0
33901,238,1,123.0
34109,238,171,154.0
34110,239,1,124.0
34319,239,171,155.0
34743,242,1,125.0
34955,242,171,158.0
34957,243,1,126.0
35384,245,1,-0.0001
35598,245,171,160.0
35599,243,171,161.0
35600,249,1,127.0
35815,249,171,162.0
35816,250,1,128.0
36033,251,1,129.0
36251,252,1,130.0
36470,253,1,131.0
36689,253,171,166.0
36690,254,1,132.0
36910,254,171,167.0
37355,257,1,133.0
37576,257,171,168.0
37967,259,1,134.0
38187,259,171,169.0
38188,260,1,135.0
38409,260,171,170.0
38410,261,1,136.0
38857,263,1,137.0
39081,263,171,173.0
39082,260,112,18.0
39083,250,112,19.0
39084,259,112,20.0
39085,252,112,21.0
39086,251,112,22.0
39087,238,112,23.0
39088,253,112,24.0
39089,254,112,25.0
39090,249,112,26.0
39091,243,112,27.0
39092,245,112,28.0
39093,190,112,29.0
39326,239,108,142.0
39327,230,108,143.0
39328,229,108,144.0
39329,231,108,145.0
39330,234,108,146.0
39331,236,108,147.0
39332,265,1,138.0
39557,265,171,175.0
39558,266,1,139.0
39784,266,171,176.0
40692,271,1,140.0
40914,271,171,177.0
40915,272,1,141.0
41139,273,1,142.0
41363,273,171,179.0
41364,274,1,143.0
41589,274,171,180.0
42044,277,1,144.0
42270,277,171,181.0
42271,278,1,145.0
42498,278,171,182.0
42503,81,237,4.0
42504,82,237,5.0
42505,143,237,6.0
42509,152,237,10.0
42510,32,237,11.0
42512,8,237,13.0
42513,7,237,14.0
42519,118,237,20.0
42520,54,237,21.0
42521,124,237,22.0
42522,125,237,23.0
42523,141,237,24.0
42527,51,237,28.0
42528,10,237,29.0
42529,111,237,30.0
42530,144,237,31.0
42531,35,237,32.0
42532,119,237,33.0
42533,50,237,34.0
42534,40,237,35.0
42535,65,237,36.0
42537,95,237,38.0
42538,15,237,39.0
42539,92,237,40.0
42540,60,237,41.0
42541,55,237,42.0
42542,175,237,43.0
42544,16,237,45.0
42545,73,237,46.0
42546,66,237,47.0
42547,18,237,48.0
42548,48,237,49.0
42549,47,237,50.0
42550,97,237,51.0
42552,44,237,53.0
42553,46,237,54.0
42555,36,237,56.0
42556,23,237,57.0
42557,58,237,58.0
42559,69,237,60.0
42560,145,237,61.0
42561,20,237,62.0
42563,22,237,64.0
42564,21,237,65.0
42565,24,237,66.0
42567,27,237,68.0
42568,120,237,69.0
42573,17,237,74.0
42574,56,237,75.0
42575,68,237,76.0
42577,62,237,78.0
42578,63,237,79.0
42579,76,237,80.0
42580,25,237,81.0
42581,42,237,82.0
42582,122,237,83.0
42583,39,237,84.0
42584,59,237,85.0
42590,222,237,91.0
42591,38,237,92.0
42592,115,237,93.0
42593,147,237,94.0
42594,188,237,95.0
42595,189,237,96.0
42596,190,237,97.0
42597,195,237,98.0
42598,201,237,99.0
42601,207,237,102.0
42603,210,237,104.0
42604,211,237,105.0
42605,212,237,106.0
42606,213,237,107.0
42607,214,237,108.0
42608,215,237,109.0
42609,216,237,110.0
42610,219,237,111.0
42611,220,237,112.0
42612,3,237,113.0
42615,229,237,116.0
42620,234,237,121.0
42622,236,237,123.0
42623,26,237,124.0
42626,242,237,127.0
42627,75,237,128.0
42630,249,237,131.0
42634,253,237,135.0
42635,254,237,136.0
42636,257,237,137.0
42638,260,237,139.0
42641,263,237,142.0
42643,265,237,144.0
42644,266,237,145.0
42646,272,237,147.0
42647,273,237,148.0
42648,274,237,149.0
42649,277,237,150.0
42651,80,237,152.0
42652,133,237,153.0
42653,279,1,146.0
42881,279,171,183.0
42882,280,1,147.0
43111,280,171,184.0
43131,281,1,148.0
43361,281,171,185.0
43362,282,1,149.0
43593,282,171,186.0
43594,283,1,150.0
43827,284,1,151.0
44060,284,171,188.0
44061,285,1,152.0
44295,285,171,189.0
44296,286,1,153.0
44531,286,171,190.0
44532,287,1,154.0
44768,287,171,191.0
44769,288,1,155.0
45006,288,171,192.0
45007,289,1,156.0
45245,289,171,193.0
45246,128,250,0.0
45247,131,250,1.0
45249,174,250,3.0
45250,75,250,4.0
45252,118,250,6.0
45255,54,250,9.0
45260,124,250,14.0
45261,125,250,15.0
45265,179,250,19.0
45266,178,250,20.0
45267,287,250,21.0
45268,285,250,22.0
45269,208,250,23.0
45270,242,250,24.0
45271,257,250,25.0
45272,265,250,26.0
45273,271,250,27.0
45274,273,250,28.0
45275,274,250,29.0
45276,277,250,30.0
45277,278,250,31.0
45278,279,250,32.0
45279,280,250,33.0
45280,282,250,34.0
45282,290,1,157.0
45522,291,1,158.0
45762,291,171,195.0
45763,292,1,159.0
46004,292,171,196.0
46005,293,1,160.0
46271,128,255,23.0
46272,131,255,24.0
46274,174,255,26.0
46275,179,255,27.0
46276,178,255,28.0
46277,75,255,29.0
46279,118,255,31.0
46282,54,255,34.0
46288,124,255,40.0
46289,125,255,41.0
46290,141,255,42.0
46293,105,255,45.0
46294,162,255,46.0
46296,51,255,48.0
46299,10,255,51.0
46300,111,255,52.0
46301,144,255,53.0
46303,35,255,55.0
46304,119,255,56.0
46309,50,255,61.0
46310,40,255,62.0
46311,65,255,63.0
46425,208,255,177.0
46429,212,255,181.0
46430,213,255,182.0
46431,214,255,183.0
46432,215,255,184.0
46433,216,255,185.0
46434,217,255,186.0
46435,219,255,187.0
46437,222,255,189.0
46439,228,255,191.0
46451,242,255,203.0
46459,257,255,211.0
46466,265,255,218.0
46467,266,255,219.0
46468,271,255,220.0
46469,272,255,221.0
46470,273,255,222.0
46471,274,255,223.0
46472,277,255,224.0
46473,278,255,225.0
46474,279,255,226.0
46475,280,255,227.0
46477,282,255,229.0
46479,284,255,231.0
46480,285,255,232.0
46482,287,255,234.0
46483,288,255,235.0
46485,290,255,237.0
46486,291,255,238.0
46487,292,255,239.0
46488,293,255,240.0
46503,278,117,1.0
46511,271,117,3.0
46520,287,117,2.0
46550,292,117,5.0
46562,174,117,4.0
46578,75,117,6.0
46587,124,117,7.0
46588,125,117,8.0
46590,131,117,9.0
46591,178,117,10.0
46672,54,117,11.0
46673,282,117,26.0
46674,285,117,25.0
46675,273,117,24.0
46678,118,117,21.0
46679,277,117,20.0
46680,274,117,19.0
46681,242,117,18.0
46682,279,117,17.0
46683,280,117,16.0
46684,291,117,15.0
46685,257,117,14.0
46686,265,117,13.0
46687,179,117,12.0
46693,292,256,5.0
46694,75,256,6.0
46695,124,256,7.0
46696,125,256,8.0
46699,54,256,11.0
46701,265,256,13.0
46702,257,256,14.0
46703,291,256,15.0
46704,280,256,16.0
46705,279,256,17.0
46706,242,256,18.0
46707,274,256,19.0
46708,277,256,20.0
46709,118,256,21.0
46710,273,256,22.0
46711,285,256,23.0
46712,282,256,24.0
46713,140,257,0.0
46714,127,257,1.0
46717,148,257,4.0
46718,172,257,5.0
46719,150,257,6.0
46720,38,257,7.0
46721,115,257,8.0
46722,147,257,9.0
46724,80,257,11.0
46725,82,257,12.0
46726,143,257,13.0
46727,110,257,14.0
46728,129,257,15.0
46729,128,257,16.0
46730,105,257,17.0
46731,100,257,18.0
46732,46,257,19.0
46733,109,257,20.0
46734,126,257,21.0
46735,112,257,22.0
46904,295,1,161.0
47070,295,171,198.0
47071,296,1,162.0
47238,296,171,199.0
47239,297,1,163.0
47407,297,171,200.0
47408,298,1,164.0
47577,298,171,201.0
47578,299,1,165.0
47748,299,171,202.0
47749,300,1,166.0
47920,300,171,203.0
47926,301,1,167.0
48099,302,1,168.0
48272,302,171,205.0
48273,303,1,169.0
48447,303,171,206.0
48448,141,116,19.0
48449,212,116,20.0
48450,213,116,21.0
48451,214,116,22.0
48452,215,116,23.0
48453,216,116,24.0
48454,266,116,25.0
48455,40,116,26.0
48456,217,116,27.0
48457,219,116,28.0
48458,222,116,29.0
48459,228,116,30.0
48460,272,116,31.0
48461,284,116,32.0
48462,288,116,33.0
48463,293,116,34.0
48464,290,116,35.0
48479,21,110,10.0
48480,26,110,9.0
48481,22,110,8.0
48482,99,110,7.0
48483,145,110,6.0
48484,69,110,5.0
48485,157,110,4.0
48486,58,110,3.0
48487,23,110,2.0
48488,36,110,1.0
48489,109,110,0.0
48490,303,110,14.0
48491,263,110,24.0
48492,302,110,23.0
48493,301,110,22.0
48494,295,110,21.0
48495,261,110,20.0
48496,297,110,19.0
48497,298,110,18.0
48498,299,110,17.0
48499,300,110,16.0
48500,107,110,15.0
48504,126,110,11.0
48505,27,110,12.0
48506,120,110,13.0
48508,296,117,27.0
48509,80,268,0.0
48510,133,268,1.0
48514,82,268,5.0
48515,143,268,6.0
48517,110,268,8.0
48520,32,268,11.0
48523,7,268,14.0
48524,128,268,15.0
48526,174,268,17.0
48528,178,268,19.0
48529,118,268,20.0
48531,124,268,22.0
48534,105,268,25.0
48536,51,268,27.0
48537,10,268,28.0
48541,119,268,32.0
48543,40,268,34.0
48545,100,268,36.0
48546,95,268,37.0
48549,60,268,40.0
48550,55,268,41.0
48560,108,268,51.0
48561,44,268,52.0
48562,46,268,53.0
48564,36,268,55.0
48572,22,268,63.0
48576,27,268,67.0
48581,112,268,72.0
48583,56,268,74.0
48586,63,268,77.0
48592,59,268,83.0
48593,140,268,84.0
48594,127,268,85.0
48599,38,268,90.0
48609,207,268,100.0
48615,214,268,106.0
48618,219,268,109.0
48626,236,268,117.0
48629,239,268,120.0
48630,242,268,121.0
48645,265,268,136.0
48647,271,268,138.0
48650,274,268,141.0
48652,278,268,143.0
48658,284,268,149.0
48659,285,268,150.0
48660,286,268,151.0
48661,287,268,152.0
48662,288,268,153.0
48666,292,268,157.0
48668,295,268,159.0
48669,296,268,160.0
48671,298,268,162.0
48675,302,268,166.0
48676,303,268,167.0
48677,129,268,168.0
48678,65,268,169.0
48679,289,109,20.0001
48680,204,109,21.0001
48681,209,109,22.0001
48682,189,109,23.0001
48683,203,109,24.0001
48684,283,109,25.0001
48685,220,109,26.0001
48686,207,109,27.0001
48687,281,109,28.0001
48689,20,110,26.0
48690,24,110,27.0
48691,80,269,0.0
48692,133,269,1.0
48695,81,269,4.0
48696,82,269,5.0
48697,143,269,6.0
48698,173,269,7.0
48699,110,269,8.0
48700,177,269,9.0
48701,152,269,10.0
48702,32,269,11.0
48703,129,269,12.0
48704,8,269,13.0
48705,7,269,14.0
48706,128,269,15.0
48707,131,269,16.0
48708,174,269,17.0
48709,179,269,18.0
48710,178,269,19.0
48711,118,269,20.0
48712,54,269,21.0
48713,124,269,22.0
48714,125,269,23.0
48715,141,269,24.0
48716,105,269,25.0
48717,162,269,26.0
48718,51,269,27.0
48719,10,269,28.0
48720,111,269,29.0
48721,144,269,30.0
48722,35,269,31.0
48723,119,269,32.0
48724,50,269,33.0
48725,40,269,34.0
48726,65,269,35.0
48727,100,269,36.0
48728,95,269,37.0
48729,15,269,38.0
48730,92,269,39.0
48731,60,269,40.0
48732,55,269,41.0
48733,175,269,42.0
48734,176,269,43.0
48735,16,269,44.0
48736,73,269,45.0
48737,66,269,46.0
48738,18,269,47.0
48739,48,269,48.0
48740,47,269,49.0
48741,97,269,50.0
48742,108,269,51.0
48743,44,269,52.0
48744,46,269,53.0
48746,36,269,55.0
48747,23,269,56.0
48748,58,269,57.0
48749,157,269,58.0
48750,69,269,59.0
48751,145,269,60.0
48752,20,269,61.0
48754,22,269,63.0
48755,21,269,64.0
48756,24,269,65.0
48758,27,269,67.0
48759,120,269,68.0
48761,130,269,70.0
48762,132,269,71.0
48763,112,269,72.0
48764,17,269,73.0
48765,56,269,74.0
48766,68,269,75.0
48767,62,269,76.0
48768,63,269,77.0
48769,76,269,78.0
48770,25,269,79.0
48771,42,269,80.0
48772,122,269,81.0
48773,39,269,82.0
48774,59,269,83.0
48775,140,269,84.0
48776,127,269,85.0
48777,148,269,86.0
48778,172,269,87.0
48779,150,269,88.0
48780,222,269,89.0
48781,38,269,90.0
48782,115,269,91.0
48783,147,269,92.0
48784,188,269,93.0
48785,189,269,94.0
48786,190,269,95.0
48787,195,269,96.0
48788,201,269,97.0
48789,203,269,98.0
48790,204,269,99.0
48791,207,269,100.0
48792,209,269,101.0
48793,210,269,102.0
48794,211,269,103.0
48795,212,269,104.0
48796,213,269,105.0
48797,214,269,106.0
48798,215,269,107.0
48799,216,269,108.0
48800,219,269,109.0
48801,220,269,110.0
48802,3,269,111.0
48804,229,269,113.0
48805,230,269,114.0
48806,231,269,115.0
48807,234,269,116.0
48808,236,269,117.0
48809,26,269,118.0
48810,238,269,119.0
48811,239,269,120.0
48812,242,269,121.0
48814,245,269,123.0
48815,243,269,124.0
48816,249,269,125.0
48820,253,269,129.0
48821,254,269,130.0
48822,257,269,131.0
48823,259,269,132.0
48824,260,269,133.0
48826,263,269,135.0
48827,265,269,136.0
48828,266,269,137.0
48829,271,269,138.0
48831,273,269,140.0
48832,274,269,141.0
48833,277,269,142.0
48834,278,269,143.0
48835,279,269,144.0
48836,280,269,145.0
48837,281,269,146.0
48838,282,269,147.0
48840,284,269,149.0
48841,285,269,150.0
48842,286,269,151.0
48843,287,269,152.0
48844,288,269,153.0
48845,289,269,154.0
48847,291,269,156.0
48848,292,269,157.0
48850,295,269,159.0
48851,296,269,160.0
48852,297,269,161.0
48853,298,269,162.0
48854,299,269,163.0
48855,300,269,164.0
48858,303,269,167.0
48859,304,1,170.0
49035,304,110,28.0
49036,304,122,40.0
49037,303,122,41.0
49038,302,122,42.0
49039,301,122,43.0
49040,295,122,44.0
49041,297,122,45.0
49042,300,122,46.0
49043,299,122,47.0
49044,298,122,48.0
49045,263,122,49.0
49046,261,122,50.0
49047,305,1,171.0
49223,75,171,207.0
49224,301,171,208.0
49225,304,171,209.0
49226,305,171,210.0
49227,293,171,211.0
49228,290,171,212.0
49229,283,171,213.0
49230,272,171,214.0
49232,208,171,216.0
49233,135,171,217.0
49235,134,171,219.0
49239,302,269,168.0
49417,307,1,172.0
49594,307,171,224.0
49596,308,1,173.0
49773,308,171,226.0
50133,311,1,174.0
50311,311,171,227.0
50312,312,1,175.0
50491,314,1,176.0
50671,315,1,177.0
50852,316,1,178.0
51034,317,1,179.0
51035,286,282,0.0
51036,3,282,1.0
51037,143,282,2.0
51038,110,282,3.0
51039,203,282,4.0
51040,8,282,5.0
51041,7,282,6.0
51042,272,282,7.0
51043,128,282,8.0
51044,278,282,9.0
51045,257,282,10.0
51046,274,282,11.0
51047,16,282,12.0
51048,10,282,13.0
51049,222,282,14.0
51050,305,282,15.0
51051,234,282,16.0
51052,229,282,17.0
51053,15,282,18.0
51054,17,282,19.0
51055,129,282,20.0
51056,18,282,21.0
51057,207,282,22.0
51058,20,282,23.0
51059,280,282,24.0
51060,21,282,25.0
51061,145,282,26.0
51062,22,282,27.0
51063,23,282,28.0
51064,24,282,29.0
51065,220,282,30.0
51066,25,282,31.0
51067,26,282,32.0
51068,122,282,33.0
51069,38,282,34.0
51070,147,282,35.0
51071,115,282,36.0
51072,140,282,37.0
51073,288,282,38.0
51074,290,282,39.0
51075,27,282,40.0
51076,263,282,41.0
51077,303,282,42.0
51078,107,282,43.0
51079,32,282,44.0
51080,210,282,45.0
51081,195,282,46.0
51082,201,282,47.0
51083,211,282,48.0
51084,282,282,49.0
51085,35,282,50.0
51086,80,282,51.0
51087,36,282,52.0
51088,39,282,53.0
51089,216,282,54.0
51090,316,282,55.0
51091,214,282,56.0
51092,312,282,57.0
51093,40,282,58.0
51094,175,282,59.0
51095,141,282,60.0
51096,314,282,61.0
51097,213,282,62.0
51098,315,282,63.0
51099,174,282,64.0
51100,284,282,65.0
51101,287,282,66.0
51102,242,282,67.0
51103,273,282,68.0
51104,118,282,69.0
51105,285,282,70.0
51106,308,282,71.0
51107,42,282,72.0
51108,279,282,73.0
51109,230,282,74.0
51110,190,282,75.0
51111,112,282,76.0
51112,44,282,77.0
51113,46,282,78.0
51114,133,282,79.0
51115,120,282,80.0
51116,134,282,81.0
51117,92,282,82.0
51118,254,282,83.0
51119,253,282,84.0
51120,144,282,85.0
51121,111,282,86.0
51122,50,282,87.0
51123,265,282,88.0
51124,281,282,89.0
51125,172,282,90.0
51126,231,282,91.0
51128,300,282,93.0
51129,299,282,94.0
51130,178,282,95.0
51131,251,282,96.0
51132,250,282,97.0
51133,252,282,98.0
51134,239,282,99.0
51135,311,282,100.0
51136,173,282,101.0
51137,189,282,102.0
51138,51,282,103.0
51139,58,282,104.0
51140,304,282,105.0
51141,177,282,106.0
51142,148,282,107.0
51143,289,282,108.0
51144,100,282,109.0
51145,243,282,110.0
51146,298,282,111.0
51147,99,282,112.0
51148,209,282,113.0
51149,301,282,114.0
51150,295,282,115.0
51151,126,282,116.0
51152,302,282,117.0
51153,127,282,118.0
51154,109,282,119.0
51155,245,282,120.0
51156,283,282,121.0
51157,131,282,122.0
51158,238,282,123.0
51159,108,282,124.0
51160,297,282,125.0
51161,261,282,126.0
51162,204,282,127.0
51163,157,282,128.0
51164,150,282,129.0
51165,130,282,130.0
51166,125,282,131.0
51167,124,282,132.0
51168,135,282,133.0
51169,162,282,134.0
51170,219,282,135.0
51171,179,282,136.0
51172,293,282,137.0
51173,292,282,138.0
51174,54,282,139.0
51175,176,282,140.0
51176,55,282,141.0
51177,56,282,142.0
51179,266,282,144.0
51180,291,282,145.0
51181,59,282,146.0
51182,60,282,147.0
51183,249,282,148.0
51184,215,282,149.0
51185,317,282,150.0
51186,62,282,151.0
51187,63,282,152.0
51188,296,282,153.0
51189,95,282,154.0
51190,65,282,155.0
51191,66,282,156.0
51192,259,282,157.0
51193,260,282,158.0
51194,97,282,159.0
51195,271,282,160.0
51196,47,282,161.0
51197,48,282,162.0
51198,68,282,163.0
51199,69,282,164.0
51200,277,282,165.0
51201,81,282,166.0
51202,82,282,167.0
51203,217,282,168.0
51204,152,282,169.0
51205,188,282,170.0
51206,73,282,171.0
51207,132,282,172.0
51208,119,282,173.0
51209,212,282,174.0
51210,307,282,175.0
51211,105,282,176.0
51212,228,282,177.0
51213,75,282,178.0
51214,76,282,179.0
51215,236,282,180.0
51216,208,282,181.0
51245,141,283,28.0
51327,212,283,110.0
51328,213,283,111.0
51329,214,283,112.0
51330,215,283,113.0
51331,216,283,114.0
51332,217,283,115.0
51391,307,283,174.0
51394,312,283,177.0
51395,314,283,178.0
51396,315,283,179.0
51397,316,283,180.0
51398,317,283,181.0
51399,312,171,228.0
51400,314,171,229.0
51401,315,171,230.0
51402,316,171,231.0
51403,317,171,232.0
51405,134,269,169.0
51406,135,269,170.0
51407,293,269,171.0
51408,272,269,172.0
51409,283,269,173.0
51410,290,269,174.0
51411,301,269,175.0
51412,304,269,176.0
51413,305,269,177.0
51414,307,269,178.0
51415,308,269,179.0
51416,311,269,180.0
