id,meaning_id,meaning_list_id,order
1,82,1,0.0
2,1,1,1.0
3,2,1,2.0
4,3,1,3.0
5,4,1,4.0
6,5,1,5.0
7,6,1,6.0
8,7,1,7.0
9,8,1,8.0
10,9,1,9.0
11,10,1,10.0
12,11,1,11.0
13,12,1,12.0
14,13,1,13.0
15,14,1,14.0
16,15,1,15.0
17,16,1,16.0
18,17,1,17.0
19,18,1,18.0
20,19,1,19.0
21,20,1,20.0
22,21,1,21.0
23,22,1,22.0
24,23,1,23.0
25,24,1,24.0
26,25,1,25.0
27,26,1,26.0
28,27,1,27.0
29,28,1,28.0
30,29,1,29.0
31,30,1,30.0
32,31,1,31.0
33,32,1,32.0
34,33,1,33.0
35,34,1,34.0
36,35,1,35.0
37,36,1,36.0
38,37,1,37.0
39,38,1,38.0
40,39,1,39.0
41,40,1,40.0
42,41,1,41.0
43,42,1,42.0
44,43,1,43.0
45,44,1,44.0
46,45,1,45.0
47,46,1,46.0
48,47,1,47.0
49,48,1,48.0
50,49,1,49.0
51,50,1,50.0
52,51,1,51.0
53,52,1,52.0
54,53,1,53.0
55,54,1,54.0
56,55,1,55.0
57,56,1,56.0
58,57,1,57.0
59,58,1,58.0
60,59,1,59.0
61,60,1,60.0
62,61,1,61.0
63,62,1,62.0
64,63,1,63.0
65,64,1,64.0
66,65,1,65.0
67,66,1,66.0
68,67,1,67.0
69,68,1,68.0
70,69,1,69.0
71,70,1,70.0
72,71,1,71.0
73,72,1,72.0
74,73,1,73.0
75,74,1,74.0
76,75,1,75.0
77,76,1,76.0
78,77,1,77.0
79,78,1,78.0
80,79,1,79.0
81,80,1,80.0
82,81,1,81.0
83,83,1,82.0
84,84,1,83.0
85,85,1,84.0
86,86,1,85.0
87,87,1,86.0
88,88,1,87.0
89,89,1,88.0
90,90,1,89.0
91,91,1,90.0
92,92,1,91.0
93,93,1,92.0
94,94,1,93.0
95,95,1,94.0
96,96,1,95.0
97,97,1,96.0
98,98,1,97.0
99,99,1,98.0
100,100,1,99.0
101,101,1,100.0
102,102,1,101.0
103,103,1,102.0
104,104,1,103.0
105,105,1,104.0
106,106,1,105.0
107,107,1,106.0
108,108,1,107.0
109,109,1,108.0
110,110,1,109.0
111,111,1,110.0
112,112,1,111.0
113,113,1,112.0
114,114,1,113.0
115,115,1,114.0
116,116,1,115.0
117,117,1,116.0
118,118,1,117.0
119,119,1,118.0
120,120,1,119.0
121,121,1,120.0
122,122,1,121.0
123,123,1,122.0
124,124,1,123.0
125,125,1,124.0
126,126,1,125.0
127,127,1,126.0
128,128,1,127.0
129,129,1,128.0
130,130,1,129.0
131,131,1,130.0
132,132,1,131.0
133,133,1,132.0
134,134,1,133.0
135,135,1,134.0
136,136,1,135.0
137,137,1,136.0
138,138,1,137.0
139,139,1,138.0
140,140,1,139.0
141,141,1,140.0
142,142,1,141.0
143,143,1,142.0
144,144,1,143.0
145,145,1,144.0
146,146,1,145.0
147,147,1,146.0
148,148,1,147.0
149,149,1,148.0
150,150,1,149.0
151,151,1,150.0
152,152,1,151.0
153,153,1,152.0
154,154,1,153.0
155,155,1,154.0
156,156,1,155.0
157,157,1,156.0
158,158,1,157.0
159,159,1,158.0
160,160,1,159.0
161,161,1,160.0
162,162,1,161.0
163,163,1,162.0
164,164,1,163.0
165,165,1,164.0
166,166,1,165.0
167,167,1,166.0
168,168,1,167.0
169,169,1,168.0
170,170,1,169.0
171,171,1,170.0
172,172,1,171.0
173,173,1,172.0
174,174,1,173.0
175,175,1,174.0
176,176,1,175.0
177,177,1,176.0
178,178,1,177.0
179,179,1,178.0
180,180,1,179.0
181,181,1,180.0
182,182,1,181.0
183,183,1,182.0
184,184,1,183.0
185,185,1,184.0
186,186,1,185.0
187,187,1,186.0
188,188,1,187.0
189,189,1,188.0
190,190,1,189.0
191,191,1,190.0
192,192,1,191.0
193,193,1,192.0
194,194,1,193.0
195,195,1,194.0
196,196,1,195.0
197,197,1,196.0
198,198,1,197.0
199,199,1,198.0
200,200,1,199.0
201,201,1,200.0
202,202,1,201.0
203,203,1,202.0
204,204,1,203.0
205,206,1,204.0
206,207,1,205.0
207,205,1,206.0
415,15,5,1.0
416,17,5,2.0
417,18,5,3.0
418,24,5,4.0
419,28,5,5.0
420,31,5,6.0
421,32,5,7.0
422,36,5,8.0
423,40,5,9.0
424,50,5,10.0
425,51,5,11.0
426,62,5,12.0
427,69,5,13.0
428,72,5,14.0
429,78,5,15.0
430,82,5,16.0
431,87,5,17.0
432,91,5,18.0
433,96,5,19.0
434,98,5,20.0
435,104,5,21.0
436,106,5,22.0
437,110,5,23.0
438,111,5,24.0
439,112,5,25.0
440,115,5,26.0
441,126,5,27.0
442,117,5,28.0
443,137,5,29.0
444,144,5,30.0
445,159,5,31.0
446,161,5,32.0
447,164,5,33.0
448,179,5,34.0
449,180,5,35.0
450,181,5,36.0
451,183,5,37.0
452,188,5,38.0
453,189,5,39.0
454,205,5,40.0
455,1,6,1.0
456,2,6,2.0
457,3,6,3.0
458,4,6,4.0
459,7,6,5.0
460,8,6,6.0
461,9,6,7.0
462,11,6,8.0
463,12,6,9.0
464,13,6,10.0
465,16,6,11.0
466,19,6,12.0
467,20,6,13.0
468,21,6,14.0
469,22,6,15.0
470,23,6,16.0
471,24,6,17.0
472,25,6,18.0
473,26,6,19.0
474,27,6,20.0
475,28,6,21.0
476,29,6,22.0
477,30,6,23.0
478,31,6,24.0
479,32,6,25.0
480,33,6,26.0
481,34,6,27.0
482,35,6,28.0
483,37,6,29.0
484,38,6,30.0
485,39,6,31.0
486,41,6,32.0
487,42,6,33.0
488,43,6,34.0
489,44,6,35.0
490,45,6,36.0
491,46,6,37.0
492,47,6,38.0
493,48,6,39.0
494,50,6,40.0
495,51,6,41.0
496,52,6,42.0
497,53,6,43.0
498,54,6,44.0
499,55,6,45.0
500,56,6,46.0
501,57,6,47.0
502,59,6,48.0
503,60,6,49.0
504,61,6,50.0
505,62,6,51.0
506,63,6,52.0
507,64,6,53.0
508,65,6,54.0
509,70,6,55.0
510,72,6,56.0
511,74,6,57.0
512,75,6,58.0
513,76,6,59.0
514,77,6,60.0
515,78,6,61.0
516,79,6,62.0
517,80,6,63.0
518,81,6,64.0
519,82,6,65.0
520,83,6,66.0
521,84,6,67.0
522,86,6,68.0
523,88,6,69.0
524,89,6,70.0
525,90,6,71.0
526,91,6,72.0
527,94,6,73.0
528,95,6,74.0
529,97,6,75.0
530,98,6,76.0
531,99,6,77.0
532,100,6,78.0
533,101,6,79.0
534,102,6,80.0
535,103,6,81.0
536,104,6,82.0
537,106,6,83.0
538,107,6,84.0
539,108,6,85.0
540,110,6,86.0
541,111,6,87.0
542,113,6,88.0
543,114,6,89.0
544,115,6,90.0
545,116,6,91.0
546,117,6,92.0
547,118,6,93.0
548,119,6,94.0
549,120,6,95.0
550,121,6,96.0
551,123,6,97.0
552,125,6,98.0
553,126,6,99.0
554,127,6,100.0
555,128,6,101.0
556,129,6,102.0
557,130,6,103.0
558,131,6,104.0
559,132,6,105.0
560,133,6,106.0
561,134,6,107.0
562,135,6,108.0
563,136,6,109.0
564,137,6,110.0
565,138,6,111.0
566,139,6,112.0
567,140,6,113.0
568,141,6,114.0
569,142,6,115.0
570,143,6,116.0
571,145,6,117.0
572,146,6,118.0
573,147,6,119.0
574,148,6,120.0
575,149,6,121.0
576,150,6,122.0
577,151,6,123.0
578,152,6,124.0
579,153,6,125.0
580,154,6,126.0
581,155,6,127.0
582,156,6,128.0
583,157,6,129.0
584,158,6,130.0
585,159,6,131.0
586,160,6,132.0
587,161,6,133.0
588,162,6,134.0
589,163,6,135.0
590,164,6,136.0
591,165,6,137.0
592,166,6,138.0
593,167,6,139.0
594,168,6,140.0
595,169,6,141.0
596,170,6,142.0
597,171,6,143.0
598,172,6,144.0
599,173,6,145.0
600,174,6,146.0
601,175,6,147.0
602,176,6,148.0
603,177,6,149.0
604,178,6,150.0
605,181,6,151.0
606,182,6,152.0
607,183,6,153.0
608,184,6,154.0
609,185,6,155.0
610,186,6,156.0
611,187,6,157.0
612,188,6,158.0
613,189,6,159.0
614,190,6,160.0
615,191,6,161.0
616,192,6,162.0
617,193,6,163.0
618,195,6,164.0
619,196,6,165.0
620,197,6,166.0
621,198,6,167.0
622,199,6,168.0
623,200,6,169.0
624,201,6,170.0
625,202,6,171.0
626,203,6,172.0
627,204,6,173.0
628,206,6,174.0
629,205,6,175.0
630,82,2,1.0
631,175,2,2.0
632,189,2,3.0
633,174,2,4.0
634,168,2,5.0
635,195,2,6.0
636,191,2,7.0
637,113,2,8.0
638,1,2,9.0
639,100,2,10.0
640,115,2,11.0
641,183,2,12.0
642,11,2,13.0
643,97,2,14.0
644,147,2,15.0
645,202,2,16.0
646,99,2,17.0
647,117,2,18.0
648,51,2,19.0
649,12,2,20.0
650,31,2,21.0
651,98,2,22.0
652,181,2,23.0
653,138,2,24.0
654,91,2,25.0
655,127,2,26.0
656,8,2,27.0
657,144,2,28.0
658,101,2,29.0
659,15,2,30.0
660,17,2,31.0
661,43,2,32.0
662,39,2,33.0
663,78,2,34.0
664,167,2,35.0
665,46,2,36.0
666,68,2,37.0
667,71,2,38.0
668,36,2,39.0
669,40,2,40.0
670,112,2,41.0
671,105,2,42.0
672,180,2,43.0
673,179,2,44.0
674,49,2,45.0
675,58,2,46.0
676,87,2,47.0
677,69,2,48.0
678,10,2,49.0
679,109,2,50.0
680,18,2,51.0
681,73,2,52.0
682,96,2,53.0
683,32,2,54.0
684,38,2,55.0
685,13,2,56.0
686,137,2,57.0
687,72,2,58.0
688,88,2,59.0
689,146,2,60.0
690,28,2,61.0
691,86,2,62.0
692,166,2,63.0
693,56,2,64.0
694,185,2,65.0
695,24,2,66.0
696,94,2,67.0
697,143,2,68.0
698,158,2,69.0
699,63,2,70.0
700,134,2,71.0
701,164,2,72.0
702,102,2,73.0
703,159,2,74.0
704,188,2,75.0
705,121,2,76.0
706,161,2,77.0
707,133,2,78.0
708,37,2,79.0
709,22,2,80.0
710,149,2,81.0
711,50,2,82.0
712,4,2,83.0
713,20,2,84.0
714,126,2,85.0
715,104,2,86.0
716,122,2,87.0
717,66,2,88.0
718,207,2,89.0
719,194,2,90.0
720,14,2,91.0
721,111,2,92.0
722,186,2,93.0
723,23,2,94.0
724,62,2,95.0
725,110,2,96.0
726,64,2,97.0
727,130,2,98.0
728,33,2,99.0
729,106,2,100.0
730,82,3,1.0
731,175,3,2.0
732,174,3,3.0
733,195,3,4.0
734,191,3,5.0
735,115,3,6.0
736,183,3,7.0
737,51,3,8.0
738,31,3,9.0
739,98,3,10.0
740,15,3,11.0
741,17,3,12.0
742,39,3,13.0
743,78,3,14.0
744,167,3,15.0
745,36,3,16.0
746,40,3,17.0
747,112,3,18.0
748,180,3,19.0
749,179,3,20.0
750,69,3,21.0
751,88,3,22.0
752,28,3,23.0
753,63,3,24.0
754,164,3,25.0
755,102,3,26.0
756,188,3,27.0
757,132,3,28.0
758,161,3,29.0
759,198,3,30.0
760,50,3,31.0
761,206,3,32.0
762,62,3,33.0
763,110,3,34.0
764,106,3,35.0
1267605,208,1,207.0
1267814,209,1,208.0
1268024,210,1,209.0
1268235,211,1,210.0
1268447,212,1,211.0
1268660,213,1,212.0
1268874,214,1,213.0
1269089,215,1,214.0
1269305,216,1,215.0
1269522,217,1,216.0
1269740,218,1,217.0
1269959,219,1,218.0
1270179,220,1,219.0
1270400,221,1,220.0
1270622,222,1,221.0
1270845,223,1,222.0
1271069,224,1,223.0
1271294,225,1,224.0
1271520,82,6145,0.0
1271521,1,6145,1.0
1271522,2,6145,2.0
1271523,3,6145,3.0
1271524,4,6145,4.0
1271525,5,6145,5.0
1271526,6,6145,6.0
1271527,7,6145,7.0
1271528,8,6145,8.0
1271529,9,6145,9.0
1271530,10,6145,10.0
1271531,11,6145,11.0
1271532,12,6145,12.0
1271533,13,6145,13.0
1271534,14,6145,14.0
1271535,15,6145,15.0
1271536,16,6145,16.0
1271537,17,6145,17.0
1271538,18,6145,18.0
1271539,19,6145,19.0
1271540,20,6145,20.0
1271541,21,6145,21.0
1271542,22,6145,22.0
1271543,23,6145,23.0
1271544,24,6145,24.0
1271545,25,6145,25.0
1271546,26,6145,26.0
1271547,27,6145,27.0
1271548,28,6145,28.0
1271549,29,6145,29.0
1271550,30,6145,30.0
1271551,31,6145,31.0
1271552,32,6145,32.0
1271553,33,6145,33.0
1271554,34,6145,34.0
1271555,35,6145,35.0
1271556,36,6145,36.0
1271557,37,6145,37.0
1271558,38,6145,38.0
1271559,39,6145,39.0
1271560,40,6145,40.0
1271561,41,6145,41.0
1271562,42,6145,42.0
1271563,43,6145,43.0
1271564,44,6145,44.0
1271565,45,6145,45.0
1271566,46,6145,46.0
1271567,47,6145,47.0
1271568,48,6145,48.0
1271569,49,6145,49.0
1271570,50,6145,50.0
1271571,51,6145,51.0
1271572,52,6145,52.0
1271573,53,6145,53.0
1271574,54,6145,54.0
1271575,55,6145,55.0
1271576,56,6145,56.0
1271577,57,6145,57.0
1271578,58,6145,58.0
1271579,59,6145,59.0
1271580,60,6145,60.0
1271581,61,6145,61.0
1271582,62,6145,62.0
1271583,63,6145,63.0
1271584,64,6145,64.0
1271585,65,6145,65.0
1271586,66,6145,66.0
1271587,67,6145,67.0
1271588,68,6145,68.0
1271589,69,6145,69.0
1271590,70,6145,70.0
1271591,71,6145,71.0
1271592,72,6145,72.0
1271593,73,6145,73.0
1271594,74,6145,74.0
1271595,75,6145,75.0
1271596,76,6145,76.0
1271597,77,6145,77.0
1271598,78,6145,78.0
1271599,79,6145,79.0
1271600,80,6145,80.0
1271601,81,6145,81.0
1271602,83,6145,82.0
1271603,84,6145,83.0
1271604,85,6145,84.0
1271605,86,6145,85.0
1271606,87,6145,86.0
1271607,88,6145,87.0
1271608,89,6145,88.0
1271609,90,6145,89.0
1271610,91,6145,90.0
1271611,92,6145,91.0
1271612,93,6145,92.0
1271613,94,6145,93.0
1271614,95,6145,94.0
1271615,96,6145,95.0
1271616,97,6145,96.0
1271617,98,6145,97.0
1271618,99,6145,98.0
1271619,100,6145,99.0
1271620,101,6145,100.0
1271621,102,6145,101.0
1271622,103,6145,102.0
1271623,104,6145,103.0
1271624,105,6145,104.0
1271625,106,6145,105.0
1271626,107,6145,106.0
1271627,108,6145,107.0
1271628,109,6145,108.0
1271629,110,6145,109.0
1271630,111,6145,110.0
1271631,112,6145,111.0
1271632,113,6145,112.0
1271633,114,6145,113.0
1271634,115,6145,114.0
1271635,116,6145,115.0
1271636,117,6145,116.0
1271637,118,6145,117.0
1271638,119,6145,118.0
1271639,120,6145,119.0
1271640,121,6145,120.0
1271641,122,6145,121.0
1271642,123,6145,122.0
1271643,124,6145,123.0
1271644,125,6145,124.0
1271645,126,6145,125.0
1271646,127,6145,126.0
1271647,128,6145,127.0
1271648,129,6145,128.0
1271649,130,6145,129.0
1271650,131,6145,130.0
1271651,132,6145,131.0
1271652,133,6145,132.0
1271653,134,6145,133.0
1271654,135,6145,134.0
1271655,136,6145,135.0
1271656,137,6145,136.0
1271657,138,6145,137.0
1271658,139,6145,138.0
1271659,140,6145,139.0
1271660,141,6145,140.0
1271661,142,6145,141.0
1271662,143,6145,142.0
1271663,144,6145,143.0
1271664,145,6145,144.0
1271665,146,6145,145.0
1271666,147,6145,146.0
1271667,148,6145,147.0
1271668,149,6145,148.0
1271669,150,6145,149.0
1271670,151,6145,150.0
1271671,152,6145,151.0
1271672,153,6145,152.0
1271673,154,6145,153.0
1271674,155,6145,154.0
1271675,156,6145,155.0
1271676,157,6145,156.0
1271677,158,6145,157.0
1271678,159,6145,158.0
1271679,160,6145,159.0
1271680,161,6145,160.0
1271681,162,6145,161.0
1271682,163,6145,162.0
1271683,164,6145,163.0
1271684,165,6145,164.0
1271685,166,6145,165.0
1271686,167,6145,166.0
1271687,168,6145,167.0
1271688,169,6145,168.0
1271689,170,6145,169.0
1271690,171,6145,170.0
1271691,172,6145,171.0
1271692,173,6145,172.0
1271693,174,6145,173.0
1271694,175,6145,174.0
1271695,176,6145,175.0
1271696,177,6145,176.0
1271697,178,6145,177.0
1271698,179,6145,178.0
1271699,180,6145,179.0
1271700,181,6145,180.0
1271701,182,6145,181.0
1271702,183,6145,182.0
1271703,184,6145,183.0
1271704,185,6145,184.0
1271705,186,6145,185.0
1271706,187,6145,186.0
1271707,188,6145,187.0
1271708,189,6145,188.0
1271709,190,6145,189.0
1271710,191,6145,190.0
1271711,192,6145,191.0
1271712,193,6145,192.0
1271713,194,6145,193.0
1271714,195,6145,194.0
1271715,196,6145,195.0
1271716,197,6145,196.0
1271717,198,6145,197.0
1271718,199,6145,198.0
1271719,200,6145,199.0
1271720,201,6145,200.0
1271721,202,6145,201.0
1271722,203,6145,202.0
1271723,204,6145,203.0
1271724,206,6145,204.0
1271725,207,6145,205.0
1271726,205,6145,206.0
1271727,226,1,225.0
1271728,1,6146,0.0
1271729,2,6146,1.0
1271730,3,6146,2.0
1271731,208,6146,3.0
1271732,4,6146,4.0
1271733,5,6146,5.0
1271734,6,6146,6.0
1271735,7,6146,7.0
1271736,8,6146,8.0
1271737,9,6146,9.0
1271738,10,6146,10.0
1271739,11,6146,11.0
1271740,12,6146,12.0
1271741,13,6146,13.0
1271742,215,6146,14.0
1271743,14,6146,15.0
1271744,15,6146,16.0
1271745,16,6146,17.0
1271746,17,6146,18.0
1271747,18,6146,19.0
1271748,19,6146,20.0
1271749,20,6146,21.0
1271750,220,6146,22.0
1271751,21,6146,23.0
1271752,226,6146,24.0
1271753,22,6146,25.0
1271754,23,6146,26.0
1271755,24,6146,27.0
1271756,25,6146,28.0
1271757,223,6146,29.0
1271758,26,6146,30.0
1271759,27,6146,31.0
1271760,28,6146,32.0
1271761,29,6146,33.0
1271762,30,6146,34.0
1271763,31,6146,35.0
1271764,224,6146,36.0
1271765,32,6146,37.0
1271766,33,6146,38.0
1271767,34,6146,39.0
1271768,35,6146,40.0
1271769,36,6146,41.0
1271770,37,6146,42.0
1271771,38,6146,43.0
1271772,39,6146,44.0
1271773,40,6146,45.0
1271774,41,6146,46.0
1271775,42,6146,47.0
1271776,43,6146,48.0
1271777,44,6146,49.0
1271778,45,6146,50.0
1271779,46,6146,51.0
1271780,47,6146,52.0
1271781,48,6146,53.0
1271782,49,6146,54.0
1271783,50,6146,55.0
1271784,51,6146,56.0
1271785,52,6146,57.0
1271786,53,6146,58.0
1271787,54,6146,59.0
1271788,55,6146,60.0
1271789,56,6146,61.0
1271790,211,6146,62.0
1271791,57,6146,63.0
1271792,58,6146,64.0
1271793,59,6146,65.0
1271794,60,6146,66.0
1271795,61,6146,67.0
1271796,62,6146,68.0
1271797,63,6146,69.0
1271798,218,6146,70.0
1271799,64,6146,71.0
1271800,65,6146,72.0
1271801,66,6146,73.0
1271802,225,6146,74.0
1271803,67,6146,75.0
1271804,68,6146,76.0
1271805,69,6146,77.0
1271806,216,6146,78.0
1271807,70,6146,79.0
1271808,71,6146,80.0
1271809,72,6146,81.0
1271810,73,6146,82.0
1271811,74,6146,83.0
1271812,75,6146,84.0
1271813,222,6146,85.0
1271814,76,6146,86.0
1271815,77,6146,87.0
1271816,78,6146,88.0
1271817,214,6146,89.0
1271818,79,6146,90.0
1271819,80,6146,91.0
1271820,81,6146,92.0
1271821,82,6146,93.0
1271822,83,6146,94.0
1271823,84,6146,95.0
1271824,85,6146,96.0
1271825,86,6146,97.0
1271826,87,6146,98.0
1271827,88,6146,99.0
1271828,89,6146,100.0
1271829,90,6146,101.0
1271830,91,6146,102.0
1271831,92,6146,103.0
1271832,93,6146,104.0
1271833,94,6146,105.0
1271834,95,6146,106.0
1271835,96,6146,107.0
1271836,97,6146,108.0
1271837,98,6146,109.0
1271838,99,6146,110.0
1271839,100,6146,111.0
1271840,101,6146,112.0
1271841,102,6146,113.0
1271842,103,6146,114.0
1271843,104,6146,115.0
1271844,105,6146,116.0
1271845,106,6146,117.0
1271846,107,6146,118.0
1271847,210,6146,119.0
1271848,108,6146,120.0
1271849,109,6146,121.0
1271850,110,6146,122.0
1271851,111,6146,123.0
1271852,112,6146,124.0
1271853,113,6146,125.0
1271854,114,6146,126.0
1271855,115,6146,127.0
1271856,116,6146,128.0
1271857,117,6146,129.0
1271858,118,6146,130.0
1271859,119,6146,131.0
1271860,120,6146,132.0
1271861,121,6146,133.0
1271862,122,6146,134.0
1271863,123,6146,135.0
1271864,124,6146,136.0
1271865,125,6146,137.0
1271866,126,6146,138.0
1271867,127,6146,139.0
1271868,128,6146,140.0
1271869,129,6146,141.0
1271870,130,6146,142.0
1271871,131,6146,143.0
1271872,219,6146,144.0
1271873,132,6146,145.0
1271874,133,6146,146.0
1271875,134,6146,147.0
1271876,135,6146,148.0
1271877,136,6146,149.0
1271878,137,6146,150.0
1271879,138,6146,151.0
1271880,139,6146,152.0
1271881,213,6146,153.0
1271882,140,6146,154.0
1271883,141,6146,155.0
1271884,142,6146,156.0
1271885,143,6146,157.0
1271886,144,6146,158.0
1271887,145,6146,159.0
1271888,146,6146,160.0
1271889,147,6146,161.0
1271890,148,6146,162.0
1271891,149,6146,163.0
1271892,150,6146,164.0
1271893,151,6146,165.0
1271894,152,6146,166.0
1271895,153,6146,167.0
1271896,154,6146,168.0
1271897,155,6146,169.0
1271898,156,6146,170.0
1271899,157,6146,171.0
1271900,158,6146,172.0
1271901,159,6146,173.0
1271902,160,6146,174.0
1271903,161,6146,175.0
1271904,162,6146,176.0
1271905,163,6146,177.0
1271906,164,6146,178.0
1271907,217,6146,179.0
1271908,165,6146,180.0
1271909,166,6146,181.0
1271910,167,6146,182.0
1271911,221,6146,183.0
1271912,168,6146,184.0
1271913,169,6146,185.0
1271914,170,6146,186.0
1271915,171,6146,187.0
1271916,209,6146,188.0
1271917,172,6146,189.0
1271918,173,6146,190.0
1271919,174,6146,191.0
1271920,175,6146,192.0
1271921,176,6146,193.0
1271922,177,6146,194.0
1271923,178,6146,195.0
1271924,179,6146,196.0
1271925,180,6146,197.0
1271926,181,6146,198.0
1271927,182,6146,199.0
1271928,183,6146,200.0
1271929,184,6146,201.0
1271930,185,6146,202.0
1271931,186,6146,203.0
1271932,187,6146,204.0
1271933,188,6146,205.0
1271934,189,6146,206.0
1271935,190,6146,207.0
1271936,191,6146,208.0
1271937,192,6146,209.0
1271938,193,6146,210.0
1271939,194,6146,211.0
1271940,195,6146,212.0
1271941,196,6146,213.0
1271942,197,6146,214.0
1271943,198,6146,215.0
1271944,199,6146,216.0
1271945,200,6146,217.0
1271946,201,6146,218.0
1271947,202,6146,219.0
1271948,203,6146,220.0
1271949,204,6146,221.0
1271950,206,6146,222.0
1271951,207,6146,223.0
1271952,212,6146,224.0
1271953,205,6146,225.0
1271954,4,6147,1.0
1271955,11,6147,2.0
1271956,12,6147,3.0
1271957,13,6147,4.0
1271958,215,6147,5.0
1271959,14,6147,6.0
1271960,15,6147,7.0
1271961,16,6147,8.0
1271962,17,6147,9.0
1271963,19,6147,10.0
1271964,20,6147,11.0
1271965,22,6147,12.0
1271966,23,6147,13.0
1271967,25,6147,14.0
1271968,223,6147,15.0
1271969,27,6147,16.0
1271970,28,6147,17.0
1271971,224,6147,18.0
1271972,31,6147,19.0
1271973,32,6147,20.0
1271974,33,6147,21.0
1271975,35,6147,22.0
1271976,36,6147,23.0
1271977,38,6147,24.0
1271978,39,6147,25.0
1271979,40,6147,26.0
1271980,41,6147,27.0
1271981,46,6147,28.0
1271982,49,6147,29.0
1271983,50,6147,30.0
1271984,51,6147,31.0
1271985,55,6147,32.0
1271986,56,6147,33.0
1271987,211,6147,34.0
1271988,58,6147,35.0
1271989,62,6147,36.0
1271990,63,6147,37.0
1271991,64,6147,38.0
1271992,68,6147,39.0
1271993,69,6147,40.0
1271994,216,6147,41.0
1271995,71,6147,42.0
1271996,72,6147,43.0
1271997,73,6147,44.0
1271998,74,6147,45.0
1271999,222,6147,46.0
1272000,78,6147,47.0
1272001,214,6147,48.0
1272002,80,6147,49.0
1272003,86,6147,50.0
1272004,87,6147,51.0
1272005,88,6147,52.0
1272006,90,6147,53.0
1272007,91,6147,54.0
1272008,92,6147,55.0
1272009,97,6147,56.0
1272010,101,6147,57.0
1272011,102,6147,58.0
1272012,105,6147,59.0
1272013,106,6147,60.0
1272014,210,6147,61.0
1272015,110,6147,62.0
1272016,111,6147,63.0
1272017,112,6147,64.0
1272018,113,6147,65.0
1272019,115,6147,66.0
1272020,118,6147,67.0
1272021,121,6147,68.0
1272022,122,6147,69.0
1272023,124,6147,70.0
1272024,127,6147,71.0
1272025,219,6147,72.0
1272026,132,6147,73.0
1272027,133,6147,74.0
1272028,134,6147,75.0
1272029,137,6147,76.0
1272030,142,6147,77.0
1272031,144,6147,78.0
1272032,145,6147,79.0
1272033,146,6147,80.0
1272034,147,6147,81.0
1272035,149,6147,82.0
1272036,154,6147,83.0
1272037,159,6147,84.0
1272038,161,6147,85.0
1272039,164,6147,86.0
1272040,217,6147,87.0
1272041,167,6147,88.0
1272042,179,6147,89.0
1272043,180,6147,90.0
1272044,183,6147,91.0
1272045,188,6147,92.0
1272046,190,6147,93.0
1272047,191,6147,94.0
1272048,194,6147,95.0
1272049,195,6147,96.0
1272050,198,6147,97.0
1272051,199,6147,98.0
1272052,206,6147,99.0
1272053,212,6147,100.0
1272054,208,6148,1.0
1272055,6,6148,2.0
1272056,7,6148,3.0
1272057,8,6148,4.0
1272058,10,6148,5.0
1272059,18,6148,6.0
1272060,220,6148,7.0
1272061,21,6148,8.0
1272062,226,6148,9.0
1272063,24,6148,10.0
1272064,26,6148,11.0
1272065,29,6148,12.0
1272066,30,6148,13.0
1272067,37,6148,14.0
1272068,42,6148,15.0
1272069,43,6148,16.0
1272070,44,6148,17.0
1272071,45,6148,18.0
1272072,48,6148,19.0
1272073,52,6148,20.0
1272074,57,6148,21.0
1272075,59,6148,22.0
1272076,60,6148,23.0
1272077,61,6148,24.0
1272078,218,6148,25.0
1272079,65,6148,26.0
1272080,66,6148,27.0
1272081,225,6148,28.0
1272082,67,6148,29.0
1272083,75,6148,30.0
1272084,76,6148,31.0
1272085,79,6148,32.0
1272086,82,6148,33.0
1272087,83,6148,34.0
1272088,89,6148,35.0
1272089,93,6148,36.0
1272090,94,6148,37.0
1272091,95,6148,38.0
1272092,96,6148,39.0
1272093,98,6148,40.0
1272094,99,6148,41.0
1272095,103,6148,42.0
1272096,104,6148,43.0
1272097,107,6148,44.0
1272098,108,6148,45.0
1272099,109,6148,46.0
1272100,114,6148,47.0
1272101,117,6148,48.0
1272102,119,6148,49.0
1272103,120,6148,50.0
1272104,123,6148,51.0
1272105,125,6148,52.0
1272106,129,6148,53.0
1272107,130,6148,54.0
1272108,135,6148,55.0
1272109,136,6148,56.0
1272110,138,6148,57.0
1272111,139,6148,58.0
1272112,213,6148,59.0
1272113,140,6148,60.0
1272114,141,6148,61.0
1272115,143,6148,62.0
1272116,148,6148,63.0
1272117,150,6148,64.0
1272118,151,6148,65.0
1272119,152,6148,66.0
1272120,158,6148,67.0
1272121,160,6148,68.0
1272122,162,6148,69.0
1272123,165,6148,70.0
1272124,166,6148,71.0
1272125,221,6148,72.0
1272126,168,6148,73.0
1272127,169,6148,74.0
1272128,170,6148,75.0
1272129,171,6148,76.0
1272130,209,6148,77.0
1272131,172,6148,78.0
1272132,173,6148,79.0
1272133,174,6148,80.0
1272134,175,6148,81.0
1272135,176,6148,82.0
1272136,177,6148,83.0
1272137,178,6148,84.0
1272138,181,6148,85.0
1272139,182,6148,86.0
1272140,184,6148,87.0
1272141,185,6148,88.0
1272142,186,6148,89.0
1272143,187,6148,90.0
1272144,189,6148,91.0
1272145,192,6148,92.0
1272146,193,6148,93.0
1272147,196,6148,94.0
1272148,201,6148,95.0
1272149,202,6148,96.0
1272150,203,6148,97.0
1272151,204,6148,98.0
1272152,205,6148,99.0
1272153,207,6148,100.0
1272154,208,6149,0.0
1272155,4,6149,1.0
1272156,6,6149,2.0
1272157,7,6149,3.0
1272158,8,6149,4.0
1272159,10,6149,5.0
1272160,11,6149,6.0
1272161,12,6149,7.0
1272162,13,6149,8.0
1272163,215,6149,9.0
1272164,14,6149,10.0
1272165,15,6149,11.0
1272166,16,6149,12.0
1272167,17,6149,13.0
1272168,18,6149,14.0
1272169,19,6149,15.0
1272170,20,6149,16.0
1272171,220,6149,17.0
1272172,21,6149,18.0
1272173,226,6149,19.0
1272174,22,6149,20.0
1272175,23,6149,21.0
1272176,24,6149,22.0
1272177,25,6149,23.0
1272178,223,6149,24.0
1272179,26,6149,25.0
1272180,27,6149,26.0
1272181,28,6149,27.0
1272182,29,6149,28.0
1272183,30,6149,29.0
1272184,224,6149,30.0
1272185,31,6149,31.0
1272186,32,6149,32.0
1272187,33,6149,33.0
1272188,35,6149,34.0
1272189,36,6149,35.0
1272190,37,6149,36.0
1272191,38,6149,37.0
1272192,39,6149,38.0
1272193,40,6149,39.0
1272194,41,6149,40.0
1272195,42,6149,41.0
1272196,43,6149,42.0
1272197,44,6149,43.0
1272198,45,6149,44.0
1272199,46,6149,45.0
1272200,48,6149,46.0
1272201,49,6149,47.0
1272202,50,6149,48.0
1272203,51,6149,49.0
1272204,52,6149,50.0
1272205,55,6149,51.0
1272206,56,6149,52.0
1272207,211,6149,53.0
1272208,57,6149,54.0
1272209,58,6149,55.0
1272210,59,6149,56.0
1272211,60,6149,57.0
1272212,61,6149,58.0
1272213,62,6149,59.0
1272214,63,6149,60.0
1272215,218,6149,61.0
1272216,64,6149,62.0
1272217,65,6149,63.0
1272218,66,6149,64.0
1272219,225,6149,65.0
1272220,67,6149,66.0
1272221,68,6149,67.0
1272222,69,6149,68.0
1272223,216,6149,69.0
1272224,71,6149,70.0
1272225,72,6149,71.0
1272226,73,6149,72.0
1272227,74,6149,73.0
1272228,75,6149,74.0
1272229,222,6149,75.0
1272230,76,6149,76.0
1272231,78,6149,77.0
1272232,214,6149,78.0
1272233,79,6149,79.0
1272234,80,6149,80.0
1272235,82,6149,81.0
1272236,83,6149,82.0
1272237,86,6149,83.0
1272238,87,6149,84.0
1272239,88,6149,85.0
1272240,89,6149,86.0
1272241,90,6149,87.0
1272242,91,6149,88.0
1272243,92,6149,89.0
1272244,93,6149,90.0
1272245,94,6149,91.0
1272246,95,6149,92.0
1272247,96,6149,93.0
1272248,97,6149,94.0
1272249,98,6149,95.0
1272250,99,6149,96.0
1272251,101,6149,97.0
1272252,102,6149,98.0
1272253,103,6149,99.0
1272254,104,6149,100.0
1272255,105,6149,101.0
1272256,106,6149,102.0
1272257,107,6149,103.0
1272258,210,6149,104.0
1272259,108,6149,105.0
1272260,109,6149,106.0
1272261,110,6149,107.0
1272262,111,6149,108.0
1272263,112,6149,109.0
1272264,113,6149,110.0
1272265,114,6149,111.0
1272266,115,6149,112.0
1272267,117,6149,113.0
1272268,118,6149,114.0
1272269,119,6149,115.0
1272270,120,6149,116.0
1272271,121,6149,117.0
1272272,122,6149,118.0
1272273,123,6149,119.0
1272274,124,6149,120.0
1272275,125,6149,121.0
1272276,127,6149,122.0
1272277,129,6149,123.0
1272278,130,6149,124.0
1272279,219,6149,125.0
1272280,132,6149,126.0
1272281,133,6149,127.0
1272282,134,6149,128.0
1272283,135,6149,129.0
1272284,136,6149,130.0
1272285,137,6149,131.0
1272286,138,6149,132.0
1272287,139,6149,133.0
1272288,213,6149,134.0
1272289,140,6149,135.0
1272290,141,6149,136.0
1272291,142,6149,137.0
1272292,143,6149,138.0
1272293,144,6149,139.0
1272294,145,6149,140.0
1272295,146,6149,141.0
1272296,147,6149,142.0
1272297,148,6149,143.0
1272298,149,6149,144.0
1272299,150,6149,145.0
1272300,151,6149,146.0
1272301,152,6149,147.0
1272302,154,6149,148.0
1272303,158,6149,149.0
1272304,159,6149,150.0
1272305,160,6149,151.0
1272306,161,6149,152.0
1272307,162,6149,153.0
1272308,164,6149,154.0
1272309,217,6149,155.0
1272310,165,6149,156.0
1272311,166,6149,157.0
1272312,167,6149,158.0
1272313,221,6149,159.0
1272314,168,6149,160.0
1272315,169,6149,161.0
1272316,170,6149,162.0
1272317,171,6149,163.0
1272318,209,6149,164.0
1272319,172,6149,165.0
1272320,173,6149,166.0
1272321,174,6149,167.0
1272322,175,6149,168.0
1272323,176,6149,169.0
1272324,177,6149,170.0
1272325,178,6149,171.0
1272326,179,6149,172.0
1272327,180,6149,173.0
1272328,181,6149,174.0
1272329,182,6149,175.0
1272330,183,6149,176.0
1272331,184,6149,177.0
1272332,185,6149,178.0
1272333,186,6149,179.0
1272334,187,6149,180.0
1272335,188,6149,181.0
1272336,189,6149,182.0
1272337,190,6149,183.0
1272338,191,6149,184.0
1272339,192,6149,185.0
1272340,193,6149,186.0
1272341,194,6149,187.0
1272342,195,6149,188.0
1272343,196,6149,189.0
1272344,198,6149,190.0
1272345,199,6149,191.0
1272346,201,6149,192.0
1272347,202,6149,193.0
1272348,203,6149,194.0
1272349,204,6149,195.0
1272350,205,6149,196.0
1272351,206,6149,197.0
1272352,207,6149,198.0
1272353,212,6149,199.0
1272354,13,6150,1.0
1272355,14,6150,2.0
1272356,20,6150,3.0
1272357,24,6150,4.0
1272358,41,6150,5.0
1272359,42,6150,6.0
1272360,49,6150,7.0
1272361,50,6150,8.0
1272362,68,6150,9.0
1272363,72,6150,10.0
1272364,75,6150,11.0
1272365,79,6150,12.0
1272366,86,6150,13.0
1272367,90,6150,14.0
1272368,94,6150,15.0
1272369,97,6150,16.0
1272370,98,6150,17.0
1272371,111,6150,18.0
1272372,112,6150,19.0
1272373,118,6150,20.0
1272374,122,6150,21.0
1272375,124,6150,22.0
1272376,127,6150,23.0
1272377,132,6150,24.0
1272378,134,6150,25.0
1272379,142,6150,26.0
1272380,154,6150,27.0
1272381,158,6150,28.0
1272382,168,6150,29.0
1272383,169,6150,30.0
1272384,170,6150,31.0
1272385,171,6150,32.0
1272386,174,6150,33.0
1272387,177,6150,34.0
1272388,179,6150,35.0
1272389,189,6150,36.0
1272390,191,6150,37.0
1272391,192,6150,38.0
1272392,193,6150,39.0
1272393,195,6150,40.0
1272394,196,6150,41.0
1272395,205,6150,42.0
1272396,211,6150,43.0
1272397,212,6150,44.0
1272398,215,6150,45.0
1272399,218,6150,46.0
1272400,219,6150,47.0
1272401,220,6150,48.0
1272402,222,6150,49.0
1272403,224,6150,50.0
1272404,6,6151,1.0
1272405,7,6151,2.0
1272406,8,6151,3.0
1272407,10,6151,4.0
1272408,11,6151,5.0
1272409,13,6151,6.0
1272410,18,6151,7.0
1272411,21,6151,8.0
1272412,26,6151,9.0
1272413,29,6151,10.0
1272414,30,6151,11.0
1272415,35,6151,12.0
1272416,41,6151,13.0
1272417,43,6151,14.0
1272418,48,6151,15.0
1272419,57,6151,16.0
1272420,64,6151,17.0
1272421,67,6151,18.0
1272422,68,6151,19.0
1272423,76,6151,20.0
1272424,80,6151,21.0
1272425,86,6151,22.0
1272426,89,6151,23.0
1272427,92,6151,24.0
1272428,104,6151,25.0
1272429,108,6151,26.0
1272430,117,6151,27.0
1272431,120,6151,28.0
1272432,123,6151,29.0
1272433,129,6151,30.0
1272434,134,6151,31.0
1272435,135,6151,32.0
1272436,141,6151,33.0
1272437,147,6151,34.0
1272438,148,6151,35.0
1272439,150,6151,36.0
1272440,161,6151,37.0
1272441,165,6151,38.0
1272442,167,6151,39.0
1272443,171,6151,40.0
1272444,172,6151,41.0
1272445,173,6151,42.0
1272446,177,6151,43.0
1272447,181,6151,44.0
1272448,182,6151,45.0
1272449,185,6151,46.0
1272450,190,6151,47.0
1272451,201,6151,48.0
1272452,202,6151,49.0
1272453,203,6151,50.0
1272454,4,6152,1.0
1272455,6,6152,2.0
1272456,7,6152,3.0
1272457,8,6152,4.0
1272458,10,6152,5.0
1272459,11,6152,6.0
1272460,12,6152,7.0
1272461,13,6152,8.0
1272462,14,6152,9.0
1272463,15,6152,10.0
1272464,16,6152,11.0
1272465,17,6152,12.0
1272466,18,6152,13.0
1272467,19,6152,14.0
1272468,20,6152,15.0
1272469,21,6152,16.0
1272470,22,6152,17.0
1272471,23,6152,18.0
1272472,24,6152,19.0
1272473,25,6152,20.0
1272474,26,6152,21.0
1272475,27,6152,22.0
1272476,28,6152,23.0
1272477,29,6152,24.0
1272478,30,6152,25.0
1272479,31,6152,26.0
1272480,32,6152,27.0
1272481,33,6152,28.0
1272482,35,6152,29.0
1272483,36,6152,30.0
1272484,37,6152,31.0
1272485,38,6152,32.0
1272486,39,6152,33.0
1272487,40,6152,34.0
1272488,41,6152,35.0
1272489,42,6152,36.0
1272490,43,6152,37.0
1272491,44,6152,38.0
1272492,45,6152,39.0
1272493,46,6152,40.0
1272494,48,6152,41.0
1272495,49,6152,42.0
1272496,50,6152,43.0
1272497,51,6152,44.0
1272498,52,6152,45.0
1272499,55,6152,46.0
1272500,56,6152,47.0
1272501,57,6152,48.0
1272502,58,6152,49.0
1272503,59,6152,50.0
1272504,60,6152,51.0
1272505,61,6152,52.0
1272506,62,6152,53.0
1272507,63,6152,54.0
1272508,64,6152,55.0
1272509,65,6152,56.0
1272510,66,6152,57.0
1272511,67,6152,58.0
1272512,68,6152,59.0
1272513,69,6152,60.0
1272514,71,6152,61.0
1272515,72,6152,62.0
1272516,73,6152,63.0
1272517,74,6152,64.0
1272518,75,6152,65.0
1272519,76,6152,66.0
1272520,78,6152,67.0
1272521,79,6152,68.0
1272522,80,6152,69.0
1272523,82,6152,70.0
1272524,83,6152,71.0
1272525,86,6152,72.0
1272526,87,6152,73.0
1272527,88,6152,74.0
1272528,89,6152,75.0
1272529,90,6152,76.0
1272530,91,6152,77.0
1272531,92,6152,78.0
1272532,93,6152,79.0
1272533,94,6152,80.0
1272534,95,6152,81.0
1272535,96,6152,82.0
1272536,97,6152,83.0
1272537,98,6152,84.0
1272538,99,6152,85.0
1272539,101,6152,86.0
1272540,102,6152,87.0
1272541,103,6152,88.0
1272542,104,6152,89.0
1272543,105,6152,90.0
1272544,106,6152,91.0
1272545,107,6152,92.0
1272546,108,6152,93.0
1272547,109,6152,94.0
1272548,110,6152,95.0
1272549,111,6152,96.0
1272550,112,6152,97.0
1272551,113,6152,98.0
1272552,114,6152,99.0
1272553,115,6152,100.0
1272554,117,6152,101.0
1272555,118,6152,102.0
1272556,119,6152,103.0
1272557,120,6152,104.0
1272558,121,6152,105.0
1272559,122,6152,106.0
1272560,123,6152,107.0
1272561,124,6152,108.0
1272562,125,6152,109.0
1272563,127,6152,110.0
1272564,129,6152,111.0
1272565,130,6152,112.0
1272566,132,6152,113.0
1272567,133,6152,114.0
1272568,134,6152,115.0
1272569,135,6152,116.0
1272570,136,6152,117.0
1272571,137,6152,118.0
1272572,138,6152,119.0
1272573,139,6152,120.0
1272574,140,6152,121.0
1272575,141,6152,122.0
1272576,142,6152,123.0
1272577,143,6152,124.0
1272578,144,6152,125.0
1272579,145,6152,126.0
1272580,146,6152,127.0
1272581,147,6152,128.0
1272582,148,6152,129.0
1272583,149,6152,130.0
1272584,150,6152,131.0
1272585,151,6152,132.0
1272586,152,6152,133.0
1272587,154,6152,134.0
1272588,158,6152,135.0
1272589,159,6152,136.0
1272590,160,6152,137.0
1272591,161,6152,138.0
1272592,162,6152,139.0
1272593,164,6152,140.0
1272594,165,6152,141.0
1272595,166,6152,142.0
1272596,167,6152,143.0
1272597,168,6152,144.0
1272598,169,6152,145.0
1272599,170,6152,146.0
1272600,171,6152,147.0
1272601,172,6152,148.0
1272602,173,6152,149.0
1272603,174,6152,150.0
1272604,175,6152,151.0
1272605,176,6152,152.0
1272606,177,6152,153.0
1272607,178,6152,154.0
1272608,179,6152,155.0
1272609,180,6152,156.0
1272610,181,6152,157.0
1272611,182,6152,158.0
1272612,183,6152,159.0
1272613,184,6152,160.0
1272614,185,6152,161.0
1272615,186,6152,162.0
1272616,187,6152,163.0
1272617,188,6152,164.0
1272618,189,6152,165.0
1272619,190,6152,166.0
1272620,191,6152,167.0
1272621,192,6152,168.0
1272622,193,6152,169.0
1272623,194,6152,170.0
1272624,195,6152,171.0
1272625,196,6152,172.0
1272626,198,6152,173.0
1272627,199,6152,174.0
1272628,201,6152,175.0
1272629,202,6152,176.0
1272630,203,6152,177.0
1272631,204,6152,178.0
1272632,205,6152,179.0
1272633,206,6152,180.0
1272634,207,6152,181.0
1272635,10,6153,1.0
1272636,18,6153,2.0
1272637,20,6153,3.0
1272638,21,6153,4.0
1272639,35,6153,5.0
1272640,37,6153,6.0
1272641,42,6153,7.0
1272642,45,6153,8.0
1272643,48,6153,9.0
1272644,49,6153,10.0
1272645,76,6153,11.0
1272646,98,6153,12.0
1272647,118,6153,13.0
1272648,119,6153,14.0
1272649,123,6153,15.0
1272650,129,6153,16.0
1272651,161,6153,17.0
1272652,165,6153,18.0
1272653,171,6153,19.0
1272654,172,6153,20.0
1272655,173,6153,21.0
1272656,208,6153,22.0
1272657,210,6153,23.0
1272658,211,6153,24.0
1272659,212,6153,25.0
1272660,214,6153,26.0
1272661,215,6153,27.0
1272662,216,6153,28.0
1272663,217,6153,29.0
1272664,219,6153,30.0
1272665,220,6153,31.0
1272666,221,6153,32.0
1272667,223,6153,33.0
1272668,224,6153,34.0
1272669,225,6153,35.0
1272670,226,6153,36.0
1273604,82,6158,1.0
1273605,137,6158,2.0
1273606,183,6158,3.0
1273607,30,6158,4.0
1273608,51,6158,5.0
1273609,188,6158,6.0
1273610,227,1,226.0
1273838,228,1,227.0
1274067,229,1,228.0
1274297,230,1,229.0
1274528,231,1,230.0
1274760,232,1,231.0
1274993,233,1,232.0
1275227,234,1,233.0
1275462,235,1,234.0
1275698,236,1,235.0
1275935,237,1,236.0
1276173,238,1,237.0
1276412,239,1,238.0
1276652,240,1,239.0
1276893,241,1,240.0
1277135,242,1,241.0
1277378,243,1,242.0
1277622,244,1,243.0
1277867,245,1,244.0
1278113,246,1,245.0
1278360,247,1,246.0
1278608,248,1,247.0
1278857,249,1,248.0
1279107,250,1,249.0
1279358,251,1,250.0
1279610,252,1,251.0
1279863,253,1,252.0
1280117,254,1,253.0
1280372,255,1,254.0
1280628,256,1,255.0
1280885,257,1,256.0
1281143,258,1,257.0
1281402,259,1,258.0
1281662,260,1,259.0
1281923,261,1,260.0
1282185,262,1,261.0
1282448,263,1,262.0
1282712,264,1,263.0
1282977,265,1,264.0
1283243,266,1,265.0
1283510,267,1,266.0
1283778,268,1,267.0
1284047,269,1,268.0
1284317,270,1,269.0
1284588,271,1,270.0
1284860,272,1,271.0
1285133,273,1,272.0
1285407,274,1,273.0
1285682,275,1,274.0
1285958,276,1,275.0
1286235,277,1,276.0
1286513,278,1,277.0
1286792,279,1,278.0
1287072,280,1,279.0
1287353,281,1,280.0
1287635,282,1,281.0
1287918,283,1,282.0
1288202,284,1,283.0
1288487,285,1,284.0
1288773,286,1,285.0
1289060,287,1,286.0
1289348,288,1,287.0
1289637,289,1,288.0
1289927,290,1,289.0
1290218,291,1,290.0
1290510,292,1,291.0
1290803,293,1,292.0
1291097,294,1,293.0
1291392,295,1,294.0
1291688,296,1,295.0
1291985,297,1,296.0
1292283,298,1,297.0
1292582,299,1,298.0
1292882,300,1,299.0
1293183,301,1,300.0
1293485,302,1,301.0
1293788,303,1,302.0
1294092,304,1,303.0
1294397,305,1,304.0
1294703,306,1,305.0
1295010,307,1,306.0
1295318,308,1,307.0
1295627,309,1,308.0
1295937,310,1,309.0
1296248,311,1,310.0
1296560,312,1,311.0
1296873,313,1,312.0
1297187,314,1,313.0
1297502,315,1,314.0
1297818,316,1,315.0
1298135,317,1,316.0
1298453,318,1,317.0
1298772,319,1,318.0
1299092,320,1,319.0
1299413,321,1,320.0
1299735,322,1,321.0
1300058,323,1,322.0
1300382,324,1,323.0
1300707,325,1,324.0
1301033,326,1,325.0
1301360,327,1,326.0
1301688,328,1,327.0
1302017,329,1,328.0
1302347,330,1,329.0
1302678,331,1,330.0
1303010,332,1,331.0
1303343,333,1,332.0
1303677,334,1,333.0
1304012,335,1,334.0
1304348,336,1,335.0
1304685,337,1,336.0
1305023,338,1,337.0
1305362,339,1,338.0
1305702,340,1,339.0
1306043,341,1,340.0
1306385,342,1,341.0
1306728,343,1,342.0
1307072,344,1,343.0
1307417,345,1,344.0
1307763,346,1,345.0
1308110,347,1,346.0
1308111,1,6279,0.0
1308112,2,6279,1.0
1308113,3,6279,2.0
1308114,208,6279,3.0
1308115,253,6279,4.0
1308116,4,6279,5.0
1308117,5,6279,6.0
1308118,6,6279,7.0
1308119,7,6279,8.0
1308120,8,6279,9.0
1308121,9,6279,10.0
1308122,10,6279,11.0
1308123,11,6279,12.0
1308124,12,6279,13.0
1308125,13,6279,14.0
1308126,305,6279,15.0
1308127,215,6279,16.0
1308128,14,6279,17.0
1308129,15,6279,18.0
1308130,16,6279,19.0
1308131,301,6279,20.0
1308132,17,6279,21.0
1308133,258,6279,22.0
1308134,272,6279,23.0
1308135,19,6279,24.0
1308136,300,6279,25.0
1308137,265,6279,26.0
1308138,262,6279,27.0
1308139,20,6279,28.0
1308140,332,6279,29.0
1308141,220,6279,30.0
1308142,326,6279,31.0
1308143,266,6279,32.0
1308144,18,6279,33.0
1308145,21,6279,34.0
1308146,226,6279,35.0
1308147,323,6279,36.0
1308148,324,6279,37.0
1308149,22,6279,38.0
1308150,23,6279,39.0
1308151,24,6279,40.0
1308152,283,6279,41.0
1308153,25,6279,42.0
1308154,311,6279,43.0
1308155,223,6279,44.0
1308156,313,6279,45.0
1308157,26,6279,46.0
1308158,328,6279,47.0
1308159,261,6279,48.0
1308160,27,6279,49.0
1308161,28,6279,50.0
1308162,298,6279,51.0
1308163,29,6279,52.0
1308164,341,6279,53.0
1308165,30,6279,54.0
1308166,224,6279,55.0
1308167,296,6279,56.0
1308168,31,6279,57.0
1308169,32,6279,58.0
1308170,307,6279,59.0
1308171,33,6279,60.0
1308172,34,6279,61.0
1308173,35,6279,62.0
1308174,36,6279,63.0
1308175,37,6279,64.0
1308176,38,6279,65.0
1308177,306,6279,66.0
1308178,39,6279,67.0
1308179,229,6279,68.0
1308180,239,6279,69.0
1308181,248,6279,70.0
1308182,254,6279,71.0
1308183,232,6279,72.0
1308184,40,6279,73.0
1308185,41,6279,74.0
1308186,288,6279,75.0
1308187,42,6279,76.0
1308188,43,6279,77.0
1308189,44,6279,78.0
1308190,45,6279,79.0
1308191,308,6279,80.0
1308192,46,6279,81.0
1308193,47,6279,82.0
1308194,236,6279,83.0
1308195,245,6279,84.0
1308196,48,6279,85.0
1308197,318,6279,86.0
1308198,255,6279,87.0
1308199,50,6279,88.0
1308200,51,6279,89.0
1308201,52,6279,90.0
1308202,53,6279,91.0
1308203,54,6279,92.0
1308204,55,6279,93.0
1308205,211,6279,94.0
1308206,56,6279,95.0
1308207,292,6279,96.0
1308208,57,6279,97.0
1308209,58,6279,98.0
1308210,203,6279,99.0
1308211,244,6279,100.0
1308212,59,6279,101.0
1308213,235,6279,102.0
1308214,269,6279,103.0
1308215,60,6279,104.0
1308216,333,6279,105.0
1308217,281,6279,106.0
1308218,61,6279,107.0
1308219,62,6279,108.0
1308220,260,6279,109.0
1308221,63,6279,110.0
1308222,317,6279,111.0
1308223,218,6279,112.0
1308224,282,6279,113.0
1308225,64,6279,114.0
1308226,65,6279,115.0
1308227,66,6279,116.0
1308228,225,6279,117.0
1308229,340,6279,118.0
1308230,264,6279,119.0
1308231,67,6279,120.0
1308232,68,6279,121.0
1308233,69,6279,122.0
1308234,216,6279,123.0
1308235,70,6279,124.0
1308236,71,6279,125.0
1308237,72,6279,126.0
1308238,293,6279,127.0
1308239,73,6279,128.0
1308240,74,6279,129.0
1308241,75,6279,130.0
1308242,222,6279,131.0
1308243,342,6279,132.0
1308244,76,6279,133.0
1308245,327,6279,134.0
1308246,77,6279,135.0
1308247,277,6279,136.0
1308248,78,6279,137.0
1308249,186,6279,138.0
1308250,214,6279,139.0
1308251,79,6279,140.0
1308252,250,6279,141.0
1308253,279,6279,142.0
1308254,80,6279,143.0
1308255,335,6279,144.0
1308256,81,6279,145.0
1308257,82,6279,146.0
1308258,83,6279,147.0
1308259,84,6279,148.0
1308260,85,6279,149.0
1308261,86,6279,150.0
1308262,319,6279,151.0
1308263,87,6279,152.0
1308264,88,6279,153.0
1308265,309,6279,154.0
1308266,89,6279,155.0
1308267,90,6279,156.0
1308268,312,6279,157.0
1308269,91,6279,158.0
1308270,92,6279,159.0
1308271,93,6279,160.0
1308272,94,6279,161.0
1308273,287,6279,162.0
1308274,267,6279,163.0
1308275,95,6279,164.0
1308276,297,6279,165.0
1308277,96,6279,166.0
1308278,97,6279,167.0
1308279,98,6279,168.0
1308280,99,6279,169.0
1308281,100,6279,170.0
1308282,101,6279,171.0
1308283,276,6279,172.0
1308284,102,6279,173.0
1308285,103,6279,174.0
1308286,104,6279,175.0
1308287,105,6279,176.0
1308288,49,6279,177.0
1308289,106,6279,178.0
1308290,107,6279,179.0
1308291,210,6279,180.0
1308292,108,6279,181.0
1308293,109,6279,182.0
1308294,110,6279,183.0
1308295,111,6279,184.0
1308296,230,6279,185.0
1308297,240,6279,186.0
1308298,249,6279,187.0
1308299,112,6279,188.0
1308300,113,6279,189.0
1308301,114,6279,190.0
1308302,115,6279,191.0
1308303,116,6279,192.0
1308304,117,6279,193.0
1308305,118,6279,194.0
1308306,316,6279,195.0
1308307,336,6279,196.0
1308308,337,6279,197.0
1308309,119,6279,198.0
1308310,322,6279,199.0
1308311,120,6279,200.0
1308312,321,6279,201.0
1308313,121,6279,202.0
1308314,122,6279,203.0
1308315,275,6279,204.0
1308316,124,6279,205.0
1308317,125,6279,206.0
1308318,126,6279,207.0
1308319,127,6279,208.0
1308320,128,6279,209.0
1308321,129,6279,210.0
1308322,130,6279,211.0
1308323,131,6279,212.0
1308324,219,6279,213.0
1308325,290,6279,214.0
1308326,132,6279,215.0
1308327,133,6279,216.0
1308328,134,6279,217.0
1308329,314,6279,218.0
1308330,270,6279,219.0
1308331,135,6279,220.0
1308332,329,6279,221.0
1308333,136,6279,222.0
1308334,137,6279,223.0
1308335,294,6279,224.0
1308336,138,6279,225.0
1308337,228,6279,226.0
1308338,238,6279,227.0
1308339,247,6279,228.0
1308340,139,6279,229.0
1308341,331,6279,230.0
1308342,213,6279,231.0
1308343,140,6279,232.0
1308344,141,6279,233.0
1308345,142,6279,234.0
1308346,315,6279,235.0
1308347,263,6279,236.0
1308348,143,6279,237.0
1308349,286,6279,238.0
1308350,227,6279,239.0
1308351,237,6279,240.0
1308352,246,6279,241.0
1308353,144,6279,242.0
1308354,145,6279,243.0
1308355,146,6279,244.0
1308356,299,6279,245.0
1308357,147,6279,246.0
1308358,148,6279,247.0
1308359,295,6279,248.0
1308360,149,6279,249.0
1308361,150,6279,250.0
1308362,151,6279,251.0
1308363,152,6279,252.0
1308364,153,6279,253.0
1308365,259,6279,254.0
1308366,154,6279,255.0
1308367,303,6279,256.0
1308368,155,6279,257.0
1308369,156,6279,258.0
1308370,157,6279,259.0
1308371,158,6279,260.0
1308372,285,6279,261.0
1308373,159,6279,262.0
1308374,160,6279,263.0
1308375,256,6279,264.0
1308376,161,6279,265.0
1308377,162,6279,266.0
1308378,163,6279,267.0
1308379,273,6279,268.0
1308380,164,6279,269.0
1308381,338,6279,270.0
1308382,339,6279,271.0
1308383,217,6279,272.0
1308384,165,6279,273.0
1308385,302,6279,274.0
1308386,166,6279,275.0
1308387,291,6279,276.0
1308388,167,6279,277.0
1308389,221,6279,278.0
1308390,320,6279,279.0
1308391,231,6279,280.0
1308392,168,6279,281.0
1308393,347,6279,282.0
1308394,169,6279,283.0
1308395,170,6279,284.0
1308396,171,6279,285.0
1308397,209,6279,286.0
1308398,172,6279,287.0
1308399,173,6279,288.0
1308400,310,6279,289.0
1308401,280,6279,290.0
1308402,234,6279,291.0
1308403,243,6279,292.0
1308404,174,6279,293.0
1308405,176,6279,294.0
1308406,252,6279,295.0
1308407,177,6279,296.0
1308408,334,6279,297.0
1308409,178,6279,298.0
1308410,325,6279,299.0
1308411,344,6279,300.0
1308412,346,6279,301.0
1308413,179,6279,302.0
1308414,180,6279,303.0
1308415,181,6279,304.0
1308416,123,6279,305.0
1308417,182,6279,306.0
1308418,284,6279,307.0
1308419,233,6279,308.0
1308420,241,6279,309.0
1308421,242,6279,310.0
1308422,183,6279,311.0
1308423,345,6279,312.0
1308424,251,6279,313.0
1308425,343,6279,314.0
1308426,257,6279,315.0
1308427,184,6279,316.0
1308428,304,6279,317.0
1308429,185,6279,318.0
1308430,289,6279,319.0
1308431,278,6279,320.0
1308432,187,6279,321.0
1308433,330,6279,322.0
1308434,188,6279,323.0
1308435,189,6279,324.0
1308436,190,6279,325.0
1308437,191,6279,326.0
1308438,192,6279,327.0
1308439,193,6279,328.0
1308440,194,6279,329.0
1308441,195,6279,330.0
1308442,196,6279,331.0
1308443,197,6279,332.0
1308444,198,6279,333.0
1308445,199,6279,334.0
1308446,274,6279,335.0
1308447,200,6279,336.0
1308448,201,6279,337.0
1308449,268,6279,338.0
1308450,202,6279,339.0
1308451,271,6279,340.0
1308452,204,6279,341.0
1308453,206,6279,342.0
1308454,207,6279,343.0
1308455,212,6279,344.0
1308456,205,6279,345.0
1308457,175,6279,346.0
1308458,115,7,0.0
1308459,183,7,1.0
1308460,176,7,2.0
1308461,59,7,3.0
1308462,52,7,4.0
1308463,227,7,5.0
1308464,228,7,6.0
1308465,229,7,7.0
1308466,230,7,8.0
1308467,231,7,9.0
1308468,232,7,10.0
1308469,233,7,11.0
1308470,234,7,12.0
1308471,235,7,13.0
1308472,236,7,14.0
1308473,237,7,15.0
1308474,238,7,16.0
1308475,239,7,17.0
1308476,240,7,18.0
1308477,241,7,19.0
1308478,242,7,20.0
1308479,243,7,21.0
1308480,244,7,22.0
1308481,245,7,23.0
1308482,246,7,24.0
1308483,247,7,25.0
1308484,248,7,26.0
1308485,249,7,27.0
1308486,250,7,28.0
1308487,251,7,29.0
1308488,71,7,30.0
1308489,68,7,31.0
1308490,40,7,32.0
1308491,112,7,33.0
1308492,36,7,34.0
1308493,105,7,35.0
1308494,180,7,36.0
1308495,179,7,37.0
1308496,109,7,38.0
1308497,252,7,39.0
1308498,253,7,40.0
1308499,69,7,41.0
1308500,254,7,42.0
1308501,255,7,43.0
1308502,49,7,44.0
1308503,18,7,45.0
1308504,10,7,46.0
1308505,256,7,47.0
1308506,67,7,48.0
1308507,210,7,49.0
1308508,6,7,50.0
1308509,93,7,51.0
1308510,209,7,52.0
1308511,87,7,53.0
1308512,58,7,54.0
1308513,144,7,55.0
1308514,17,7,56.0
1308515,15,7,57.0
1308516,257,7,58.0
1308517,73,7,59.0
1308518,96,7,60.0
1308519,117,7,61.0
1308520,99,7,62.0
1308521,81,7,63.0
1308522,202,7,64.0
1308523,197,7,65.0
1308524,21,7,66.0
1308525,258,7,67.0
1308526,259,7,68.0
1308527,260,7,69.0
1308528,261,7,70.0
1308529,44,7,71.0
1308530,103,7,72.0
1308531,262,7,73.0
1308532,263,7,74.0
1308533,264,7,75.0
1308534,265,7,76.0
1308535,106,7,77.0
1308536,31,7,78.0
1308537,266,7,79.0
1308538,78,7,80.0
1308539,167,7,81.0
1308540,226,7,82.0
1308541,46,7,83.0
1308542,199,7,84.0
1308543,267,7,85.0
1308544,268,7,86.0
1308545,269,7,87.0
1308546,151,7,88.0
1308547,204,7,89.0
1308548,51,7,90.0
1308549,12,7,91.0
1308550,208,7,92.0
1308551,211,7,93.0
1308552,270,7,94.0
1308553,98,7,95.0
1308554,181,7,96.0
1308555,203,7,97.0
1308556,271,7,98.0
1308557,272,7,99.0
1308558,160,7,100.0
1308559,91,7,101.0
1308560,8,7,102.0
1308561,127,7,103.0
1308562,55,7,104.0
1308563,138,7,105.0
1308564,65,7,106.0
1308565,145,7,107.0
1308566,22,7,108.0
1308567,213,7,109.0
1308568,164,7,110.0
1308569,27,7,111.0
1308570,102,7,112.0
1308571,111,7,113.0
1308572,159,7,114.0
1308573,198,7,115.0
1308574,37,7,116.0
1308575,104,7,117.0
1308576,161,7,118.0
1308577,133,7,119.0
1308578,35,7,120.0
1308579,188,7,121.0
1308580,83,7,122.0
1308581,152,7,123.0
1308582,57,7,124.0
1308583,121,7,125.0
1308584,125,7,126.0
1308585,89,7,127.0
1308586,136,7,128.0
1308587,50,7,129.0
1308588,149,7,130.0
1308589,4,7,131.0
1308590,206,7,132.0
1308591,273,7,133.0
1308592,274,7,134.0
1308593,214,7,135.0
1308594,101,7,136.0
1308595,275,7,137.0
1308596,132,7,138.0
1308597,43,7,139.0
1308598,39,7,140.0
1308599,276,7,141.0
1308600,277,7,142.0
1308601,278,7,143.0
1308602,61,7,144.0
1308603,279,7,145.0
1308604,280,7,146.0
1308605,215,7,147.0
1308606,281,7,148.0
1308607,64,7,149.0
1308608,7,7,150.0
1308609,129,7,151.0
1308610,114,7,152.0
1308611,110,7,153.0
1308612,217,7,154.0
1308613,186,7,155.0
1308614,23,7,156.0
1308615,97,7,157.0
1308616,141,7,158.0
1308617,196,7,159.0
1308618,107,7,160.0
1308619,171,7,161.0
1308620,172,7,162.0
1308621,74,7,163.0
1308622,62,7,164.0
1308623,30,7,165.0
1308624,33,7,166.0
1308625,190,7,167.0
1308626,11,7,168.0
1308627,147,7,169.0
1308628,130,7,170.0
1308629,216,7,171.0
1308630,140,7,172.0
1308631,150,7,173.0
1308632,162,7,174.0
1308633,123,7,175.0
1308634,66,7,176.0
1308635,207,7,177.0
1308636,122,7,178.0
1308637,14,7,179.0
1308638,194,7,180.0
1308639,218,7,181.0
1308640,282,7,182.0
1308641,24,7,183.0
1308642,283,7,184.0
1308643,182,7,185.0
1308644,284,7,186.0
1308645,158,7,187.0
1308646,285,7,188.0
1308647,143,7,189.0
1308648,286,7,190.0
1308649,94,7,191.0
1308650,287,7,192.0
1308651,41,7,193.0
1308652,288,7,194.0
1308653,185,7,195.0
1308654,289,7,196.0
1308655,219,7,197.0
1308656,290,7,198.0
1308657,166,7,199.0
1308658,291,7,200.0
1308659,56,7,201.0
1308660,292,7,202.0
1308661,137,7,203.0
1308662,294,7,204.0
1308663,72,7,205.0
1308664,293,7,206.0
1308665,148,7,207.0
1308666,295,7,208.0
1308667,224,7,209.0
1308668,296,7,210.0
1308669,95,7,211.0
1308670,297,7,212.0
1308671,28,7,213.0
1308672,298,7,214.0
1308673,146,7,215.0
1308674,299,7,216.0
1308675,19,7,217.0
1308676,300,7,218.0
1308677,16,7,219.0
1308678,301,7,220.0
1308679,165,7,221.0
1308680,302,7,222.0
1308681,154,7,223.0
1308682,303,7,224.0
1308683,184,7,225.0
1308684,304,7,226.0
1308685,13,7,227.0
1308686,305,7,228.0
1308687,38,7,229.0
1308688,306,7,230.0
1308689,32,7,231.0
1308690,307,7,232.0
1308691,45,7,233.0
1308692,308,7,234.0
1308693,88,7,235.0
1308694,309,7,236.0
1308695,173,7,237.0
1308696,310,7,238.0
1308697,25,7,239.0
1308698,311,7,240.0
1308699,90,7,241.0
1308700,312,7,242.0
1308701,223,7,243.0
1308702,313,7,244.0
1308703,134,7,245.0
1308704,314,7,246.0
1308705,142,7,247.0
1308706,315,7,248.0
1308707,118,7,249.0
1308708,316,7,250.0
1308709,63,7,251.0
1308710,317,7,252.0
1308711,48,7,253.0
1308712,318,7,254.0
1308713,86,7,255.0
1308714,319,7,256.0
1308715,221,7,257.0
1308716,320,7,258.0
1308717,120,7,259.0
1308718,321,7,260.0
1308719,119,7,261.0
1308720,322,7,262.0
1308721,323,7,263.0
1308722,324,7,264.0
1308723,178,7,265.0
1308724,325,7,266.0
1308725,220,7,267.0
1308726,326,7,268.0
1308727,76,7,269.0
1308728,327,7,270.0
1308729,26,7,271.0
1308730,328,7,272.0
1308731,135,7,273.0
1308732,329,7,274.0
1308733,187,7,275.0
1308734,330,7,276.0
1308735,139,7,277.0
1308736,331,7,278.0
1308737,20,7,279.0
1308738,332,7,280.0
1308739,60,7,281.0
1308740,333,7,282.0
1308741,177,7,283.0
1308742,334,7,284.0
1308743,80,7,285.0
1308744,335,7,286.0
1308745,336,7,287.0
1308746,337,7,288.0
1308747,225,7,289.0
1308748,340,7,290.0
1308749,29,7,291.0
1308750,341,7,292.0
1308751,222,7,293.0
1308752,342,7,294.0
1308753,338,7,295.0
1308754,339,7,296.0
1308755,174,7,297.0
1308756,168,7,298.0
1308757,75,7,299.0
1308758,108,7,300.0
1308759,169,7,301.0
1308760,42,7,302.0
1308761,124,7,303.0
1308762,92,7,304.0
1308763,343,7,305.0
1308764,201,7,306.0
1308765,113,7,307.0
1308766,344,7,308.0
1308767,212,7,309.0
1308768,345,7,310.0
1308769,346,7,311.0
1308770,347,7,312.0
1308771,193,7,313.0
1308772,192,7,314.0
1308773,79,7,315.0
1308774,195,7,316.0
1308775,191,7,317.0
1308776,82,7,318.0
1308777,175,7,319.0
1308778,189,7,320.0
1308779,205,7,321.0
1308780,170,7,322.0
1308787,208,6281,0.0
1308788,4,6281,1.0
1308789,6,6281,2.0
1308790,7,6281,3.0
1308791,8,6281,4.0
1308792,10,6281,5.0
1308793,11,6281,6.0
1308794,12,6281,7.0
1308795,13,6281,8.0
1308796,215,6281,9.0
1308797,14,6281,10.0
1308798,15,6281,11.0
1308800,17,6281,13.0
1308801,19,6281,14.0
1308802,20,6281,15.0
1308803,220,6281,16.0
1308804,18,6281,17.0
1308806,226,6281,19.0
1308807,22,6281,20.0
1308808,23,6281,21.0
1308809,24,6281,22.0
1308810,25,6281,23.0
1308811,223,6281,24.0
1308812,26,6281,25.0
1308813,27,6281,26.0
1308814,28,6281,27.0
1308815,29,6281,28.0
1308816,30,6281,29.0
1308817,224,6281,30.0
1308818,31,6281,31.0
1308819,32,6281,32.0
1308820,33,6281,33.0
1308821,35,6281,34.0
1308822,36,6281,35.0
1308823,37,6281,36.0
1308824,38,6281,37.0
1308825,39,6281,38.0
1308826,40,6281,39.0
1308827,41,6281,40.0
1308828,42,6281,41.0
1308831,45,6281,44.0
1308832,46,6281,45.0
1308833,48,6281,46.0
1308834,50,6281,47.0
1308835,51,6281,48.0
1308836,52,6281,49.0
1308837,55,6281,50.0
1308838,211,6281,51.0
1308839,56,6281,52.0
1308840,57,6281,53.0
1308841,58,6281,54.0
1308842,203,6281,55.0
1308843,59,6281,56.0
1308844,60,6281,57.0
1308845,61,6281,58.0
1308846,62,6281,59.0
1308847,63,6281,60.0
1308848,218,6281,61.0
1308849,64,6281,62.0
1308850,65,6281,63.0
1308851,66,6281,64.0
1308852,225,6281,65.0
1308853,67,6281,66.0
1308854,68,6281,67.0
1308855,69,6281,68.0
1308856,216,6281,69.0
1308857,71,6281,70.0
1308858,72,6281,71.0
1308859,73,6281,72.0
1308860,74,6281,73.0
1308862,222,6281,75.0
1308863,76,6281,76.0
1308864,78,6281,77.0
1308865,186,6281,78.0
1308866,214,6281,79.0
1308868,80,6281,81.0
1308870,83,6281,83.0
1308871,86,6281,84.0
1308872,87,6281,85.0
1308873,88,6281,86.0
1308874,89,6281,87.0
1308875,90,6281,88.0
1308876,91,6281,89.0
1308877,92,6281,90.0
1308878,93,6281,91.0
1308880,95,6281,93.0
1308881,96,6281,94.0
1308882,97,6281,95.0
1308883,98,6281,96.0
1308884,99,6281,97.0
1308885,101,6281,98.0
1308886,102,6281,99.0
1308888,104,6281,101.0
1308889,105,6281,102.0
1308890,49,6281,103.0
1308891,106,6281,104.0
1308892,107,6281,105.0
1308893,210,6281,106.0
1308894,108,6281,107.0
1308895,109,6281,108.0
1308896,110,6281,109.0
1308897,111,6281,110.0
1308898,112,6281,111.0
1308900,114,6281,113.0
1308901,115,6281,114.0
1308902,117,6281,115.0
1308903,118,6281,116.0
1308904,119,6281,117.0
1308905,120,6281,118.0
1308906,121,6281,119.0
1308907,122,6281,120.0
1308908,124,6281,121.0
1308909,125,6281,122.0
1308910,127,6281,123.0
1308911,129,6281,124.0
1308912,130,6281,125.0
1308913,219,6281,126.0
1308914,132,6281,127.0
1308915,133,6281,128.0
1308916,134,6281,129.0
1308917,135,6281,130.0
1308918,136,6281,131.0
1308919,137,6281,132.0
1308920,138,6281,133.0
1308921,139,6281,134.0
1308922,213,6281,135.0
1308923,140,6281,136.0
1308924,141,6281,137.0
1308925,142,6281,138.0
1308926,143,6281,139.0
1308927,144,6281,140.0
1308928,145,6281,141.0
1308929,146,6281,142.0
1308930,147,6281,143.0
1308931,148,6281,144.0
1308932,149,6281,145.0
1308933,150,6281,146.0
1308934,151,6281,147.0
1308935,152,6281,148.0
1308937,158,6281,150.0
1308938,159,6281,151.0
1308939,160,6281,152.0
1308940,161,6281,153.0
1308941,162,6281,154.0
1308942,164,6281,155.0
1308943,217,6281,156.0
1308944,165,6281,157.0
1308945,166,6281,158.0
1308946,167,6281,159.0
1308947,221,6281,160.0
1308951,171,6281,164.0
1308952,209,6281,165.0
1308954,173,6281,167.0
1308956,176,6281,169.0
1308957,177,6281,170.0
1308958,178,6281,171.0
1308959,179,6281,172.0
1308960,180,6281,173.0
1308961,181,6281,174.0
1308963,182,6281,176.0
1308964,183,6281,177.0
1308965,184,6281,178.0
1308966,185,6281,179.0
1308967,187,6281,180.0
1308968,188,6281,181.0
1308970,190,6281,183.0
1308974,194,6281,187.0
1308976,196,6281,189.0
1308977,198,6281,190.0
1308978,199,6281,191.0
1308980,202,6281,193.0
1308981,204,6281,194.0
1308982,206,6281,195.0
1308983,207,6281,196.0
1308984,212,6281,197.0
1308987,208,6282,0.0
1308988,4,6282,1.0
1308989,6,6282,2.0
1308990,7,6282,3.0
1308991,8,6282,4.0
1308992,10,6282,5.0
1308993,11,6282,6.0
1308994,12,6282,7.0
1308995,13,6282,8.0
1308996,215,6282,9.0
1308997,14,6282,10.0
1308998,15,6282,11.0
1308999,17,6282,12.0
1309000,19,6282,13.0
1309001,20,6282,14.0
1309002,220,6282,15.0
1309003,18,6282,16.0
1309004,226,6282,17.0
1309005,22,6282,18.0
1309006,23,6282,19.0
1309007,24,6282,20.0
1309008,25,6282,21.0
1309009,223,6282,22.0
1309010,26,6282,23.0
1309011,27,6282,24.0
1309012,28,6282,25.0
1309013,29,6282,26.0
1309014,30,6282,27.0
1309015,224,6282,28.0
1309016,31,6282,29.0
1309017,32,6282,30.0
1309018,33,6282,31.0
1309019,35,6282,32.0
1309020,36,6282,33.0
1309021,37,6282,34.0
1309022,38,6282,35.0
1309023,39,6282,36.0
1309024,40,6282,37.0
1309025,41,6282,38.0
1309026,42,6282,39.0
1309027,45,6282,40.0
1309028,46,6282,41.0
1309029,48,6282,42.0
1309030,50,6282,43.0
1309031,51,6282,44.0
1309032,52,6282,45.0
1309033,55,6282,46.0
1309034,211,6282,47.0
1309035,56,6282,48.0
1309036,57,6282,49.0
1309037,58,6282,50.0
1309038,203,6282,51.0
1309039,59,6282,52.0
1309040,60,6282,53.0
1309041,61,6282,54.0
1309042,62,6282,55.0
1309043,63,6282,56.0
1309044,218,6282,57.0
1309045,64,6282,58.0
1309046,65,6282,59.0
1309047,66,6282,60.0
1309048,225,6282,61.0
1309049,67,6282,62.0
1309050,68,6282,63.0
1309051,69,6282,64.0
1309052,216,6282,65.0
1309053,71,6282,66.0
1309054,72,6282,67.0
1309055,73,6282,68.0
1309056,74,6282,69.0
1309057,222,6282,70.0
1309058,76,6282,71.0
1309059,78,6282,72.0
1309060,186,6282,73.0
1309061,214,6282,74.0
1309062,80,6282,75.0
1309063,83,6282,76.0
1309064,86,6282,77.0
1309065,87,6282,78.0
1309066,88,6282,79.0
1309067,89,6282,80.0
1309068,90,6282,81.0
1309069,91,6282,82.0
1309070,92,6282,83.0
1309071,93,6282,84.0
1309072,95,6282,85.0
1309073,96,6282,86.0
1309074,97,6282,87.0
1309075,98,6282,88.0
1309076,99,6282,89.0
1309077,101,6282,90.0
1309078,102,6282,91.0
1309079,104,6282,92.0
1309080,105,6282,93.0
1309081,49,6282,94.0
1309082,106,6282,95.0
1309083,107,6282,96.0
1309084,210,6282,97.0
1309085,108,6282,98.0
1309086,109,6282,99.0
1309087,110,6282,100.0
1309088,111,6282,101.0
1309089,112,6282,102.0
1309090,114,6282,103.0
1309091,115,6282,104.0
1309092,117,6282,105.0
1309093,118,6282,106.0
1309094,119,6282,107.0
1309095,120,6282,108.0
1309096,121,6282,109.0
1309097,122,6282,110.0
1309098,124,6282,111.0
1309099,125,6282,112.0
1309100,127,6282,113.0
1309101,129,6282,114.0
1309102,130,6282,115.0
1309103,219,6282,116.0
1309104,132,6282,117.0
1309105,133,6282,118.0
1309106,134,6282,119.0
1309107,135,6282,120.0
1309108,136,6282,121.0
1309109,137,6282,122.0
1309110,138,6282,123.0
1309111,139,6282,124.0
1309112,213,6282,125.0
1309113,140,6282,126.0
1309114,141,6282,127.0
1309115,142,6282,128.0
1309116,143,6282,129.0
1309117,144,6282,130.0
1309118,145,6282,131.0
1309119,146,6282,132.0
1309120,147,6282,133.0
1309121,148,6282,134.0
1309122,149,6282,135.0
1309123,150,6282,136.0
1309124,151,6282,137.0
1309125,152,6282,138.0
1309126,158,6282,139.0
1309127,159,6282,140.0
1309128,160,6282,141.0
1309129,161,6282,142.0
1309130,162,6282,143.0
1309131,164,6282,144.0
1309132,217,6282,145.0
1309133,165,6282,146.0
1309134,166,6282,147.0
1309135,167,6282,148.0
1309136,221,6282,149.0
1309137,171,6282,150.0
1309138,209,6282,151.0
1309139,173,6282,152.0
1309140,176,6282,153.0
1309141,177,6282,154.0
1309142,178,6282,155.0
1309143,179,6282,156.0
1309144,180,6282,157.0
1309145,181,6282,158.0
1309146,182,6282,159.0
1309147,183,6282,160.0
1309148,184,6282,161.0
1309149,185,6282,162.0
1309150,187,6282,163.0
1309151,188,6282,164.0
1309152,190,6282,165.0
1309153,194,6282,166.0
1309154,196,6282,167.0
1309155,198,6282,168.0
1309156,199,6282,169.0
1309157,202,6282,170.0
1309158,204,6282,171.0
1309159,206,6282,172.0
1309160,207,6282,173.0
1309161,212,6282,174.0
1309162,21,6282,175.0
1309163,123,6282,176.0
1309164,172,6282,177.0
1309165,94,6282,178.0
1309166,43,6282,179.0
1309176,13,6283,9.0
1309177,305,6283,10.0
1309181,16,6283,14.0
1309182,301,6283,15.0
1309186,19,6283,19.0
1309187,300,6283,20.0
1309190,20,6283,23.0
1309191,332,6283,24.0
1309192,220,6283,25.0
1309193,326,6283,26.0
1309198,323,6283,31.0
1309199,324,6283,32.0
1309202,24,6283,35.0
1309203,283,6283,36.0
1309204,25,6283,37.0
1309205,311,6283,38.0
1309206,223,6283,39.0
1309207,313,6283,40.0
1309208,26,6283,41.0
1309209,328,6283,42.0
1309212,28,6283,45.0
1309213,298,6283,46.0
1309214,29,6283,47.0
1309215,341,6283,48.0
1309217,224,6283,50.0
1309219,296,6283,52.0
1309220,32,6283,53.0
1309221,307,6283,54.0
1309226,38,6283,59.0
1309227,306,6283,60.0
1309235,41,6283,68.0
1309236,288,6283,69.0
1309240,45,6283,73.0
1309241,308,6283,74.0
1309245,48,6283,78.0
1309246,318,6283,79.0
1309253,292,6283,86.0
1309254,56,6283,87.0
1309262,60,6283,95.0
1309263,333,6283,96.0
1309268,63,6283,101.0
1309269,317,6283,102.0
1309270,218,6283,103.0
1309272,282,6283,105.0
1309275,225,6283,108.0
1309276,340,6283,109.0
1309283,72,6283,116.0
1309284,293,6283,117.0
1309288,222,6283,121.0
1309289,342,6283,122.0
1309290,76,6283,123.0
1309291,327,6283,124.0
1309299,80,6283,132.0
1309300,335,6283,133.0
1309304,86,6283,137.0
1309305,319,6283,138.0
1309307,88,6283,140.0
1309308,309,6283,141.0
1309310,90,6283,143.0
1309311,312,6283,144.0
1309315,94,6283,148.0
1309316,287,6283,149.0
1309318,95,6283,151.0
1309319,297,6283,152.0
1309346,118,6283,179.0
1309347,316,6283,180.0
1309348,336,6283,181.0
1309349,337,6283,182.0
1309350,119,6283,183.0
1309351,322,6283,184.0
1309352,120,6283,185.0
1309353,321,6283,186.0
1309362,219,6283,195.0
1309363,290,6283,196.0
1309366,134,6283,199.0
1309367,314,6283,200.0
1309369,135,6283,202.0
1309370,329,6283,203.0
1309372,137,6283,205.0
1309374,294,6283,207.0
1309378,139,6283,211.0
1309379,331,6283,212.0
1309383,142,6283,216.0
1309384,315,6283,217.0
1309386,143,6283,219.0
1309387,286,6283,220.0
1309393,146,6283,226.0
1309394,299,6283,227.0
1309396,148,6283,229.0
1309397,295,6283,230.0
1309403,154,6283,236.0
1309404,303,6283,237.0
1309405,158,6283,238.0
1309406,285,6283,239.0
1309414,338,6283,247.0
1309415,339,6283,248.0
1309417,165,6283,250.0
1309418,302,6283,251.0
1309419,166,6283,252.0
1309420,291,6283,253.0
1309422,221,6283,255.0
1309423,320,6283,256.0
1309432,173,6283,265.0
1309433,310,6283,266.0
1309440,177,6283,273.0
1309441,334,6283,274.0
1309442,178,6283,275.0
1309443,325,6283,276.0
1309450,182,6283,283.0
1309451,284,6283,284.0
1309460,184,6283,293.0
1309461,304,6283,294.0
1309462,185,6283,295.0
1309463,289,6283,296.0
1309465,187,6283,298.0
1309466,330,6283,299.0
1309490,208,6284,0.0
1309491,4,6284,1.0
1309492,6,6284,2.0
1309493,7,6284,3.0
1309494,8,6284,4.0
1309495,10,6284,5.0
1309496,11,6284,6.0
1309497,12,6284,7.0
1309498,13,6284,8.0
1309499,215,6284,9.0
1309500,14,6284,10.0
1309502,17,6284,12.0
1309503,19,6284,13.0
1309504,20,6284,14.0
1309505,220,6284,15.0
1309506,18,6284,16.0
1309508,22,6284,18.0
1309509,23,6284,19.0
1309510,24,6284,20.0
1309511,25,6284,21.0
1309512,223,6284,22.0
1309513,26,6284,23.0
1309514,27,6284,24.0
1309515,28,6284,25.0
1309516,29,6284,26.0
1309517,30,6284,27.0
1309518,224,6284,28.0
1309519,31,6284,29.0
1309520,32,6284,30.0
1309521,33,6284,31.0
1309522,35,6284,32.0
1309523,36,6284,33.0
1309525,38,6284,35.0
1309526,39,6284,36.0
1309527,40,6284,37.0
1309528,41,6284,38.0
1309529,42,6284,39.0
1309530,45,6284,40.0
1309531,46,6284,41.0
1309532,48,6284,42.0
1309533,50,6284,43.0
1309534,51,6284,44.0
1309535,52,6284,45.0
1309536,55,6284,46.0
1309537,211,6284,47.0
1309538,56,6284,48.0
1309539,57,6284,49.0
1309540,58,6284,50.0
1309541,203,6284,51.0
1309542,59,6284,52.0
1309543,60,6284,53.0
1309544,61,6284,54.0
1309545,62,6284,55.0
1309546,63,6284,56.0
1309547,218,6284,57.0
1309548,64,6284,58.0
1309549,65,6284,59.0
1309550,66,6284,60.0
1309551,225,6284,61.0
1309552,67,6284,62.0
1309553,68,6284,63.0
1309554,69,6284,64.0
1309555,216,6284,65.0
1309556,71,6284,66.0
1309557,72,6284,67.0
1309559,74,6284,69.0
1309560,222,6284,70.0
1309561,76,6284,71.0
1309562,78,6284,72.0
1309564,214,6284,74.0
1309567,86,6284,77.0
1309568,87,6284,78.0
1309569,88,6284,79.0
1309570,89,6284,80.0
1309571,90,6284,81.0
1309572,91,6284,82.0
1309573,92,6284,83.0
1309574,93,6284,84.0
1309575,95,6284,85.0
1309576,96,6284,86.0
1309577,97,6284,87.0
1309578,98,6284,88.0
1309579,99,6284,89.0
1309580,101,6284,90.0
1309581,102,6284,91.0
1309582,104,6284,92.0
1309583,105,6284,93.0
1309585,106,6284,95.0
1309586,107,6284,96.0
1309588,108,6284,98.0
1309590,110,6284,100.0
1309591,111,6284,101.0
1309592,112,6284,102.0
1309593,114,6284,103.0
1309594,115,6284,104.0
1309596,118,6284,106.0
1309597,119,6284,107.0
1309598,120,6284,108.0
1309601,124,6284,111.0
1309603,127,6284,113.0
1309604,129,6284,114.0
1309605,130,6284,115.0
1309606,219,6284,116.0
1309608,133,6284,118.0
1309609,134,6284,119.0
1309610,135,6284,120.0
1309612,137,6284,122.0
1309614,139,6284,124.0
1309615,213,6284,125.0
1309617,141,6284,127.0
1309618,142,6284,128.0
1309619,143,6284,129.0
1309620,144,6284,130.0
1309622,146,6284,132.0
1309623,147,6284,133.0
1309624,148,6284,134.0
1309625,149,6284,135.0
1309626,150,6284,136.0
1309627,151,6284,137.0
1309629,158,6284,139.0
1309630,159,6284,140.0
1309631,160,6284,141.0
1309632,161,6284,142.0
1309633,162,6284,143.0
1309634,164,6284,144.0
1309635,217,6284,145.0
1309638,167,6284,148.0
1309639,221,6284,149.0
1309640,171,6284,150.0
1309641,209,6284,151.0
1309642,173,6284,152.0
1309643,176,6284,153.0
1309644,177,6284,154.0
1309645,178,6284,155.0
1309646,179,6284,156.0
1309647,180,6284,157.0
1309648,181,6284,158.0
1309649,182,6284,159.0
1309650,183,6284,160.0
1309651,184,6284,161.0
1309652,185,6284,162.0
1309653,187,6284,163.0
1309654,188,6284,164.0
1309655,190,6284,165.0
1309656,194,6284,166.0
1309657,196,6284,167.0
1309659,199,6284,169.0
1309661,204,6284,171.0
1309663,207,6284,173.0
1309664,212,6284,174.0
1309665,208,6285,0.0
1309666,4,6285,1.0
1309667,6,6285,2.0
1309668,7,6285,3.0
1309669,8,6285,4.0
1309670,10,6285,5.0
1309671,11,6285,6.0
1309672,12,6285,7.0
1309673,13,6285,8.0
1309674,215,6285,9.0
1309675,14,6285,10.0
1309676,15,6285,11.0
1309677,17,6285,12.0
1309678,19,6285,13.0
1309679,20,6285,14.0
1309680,220,6285,15.0
1309681,18,6285,16.0
1309682,226,6285,17.0
1309683,22,6285,18.0
1309684,23,6285,19.0
1309685,24,6285,20.0
1309686,25,6285,21.0
1309687,223,6285,22.0
1309688,26,6285,23.0
1309689,27,6285,24.0
1309690,28,6285,25.0
1309691,29,6285,26.0
1309692,30,6285,27.0
1309693,224,6285,28.0
1309694,31,6285,29.0
1309695,32,6285,30.0
1309696,33,6285,31.0
1309697,35,6285,32.0
1309698,36,6285,33.0
1309699,37,6285,34.0
1309700,38,6285,35.0
1309701,39,6285,36.0
1309702,40,6285,37.0
1309703,41,6285,38.0
1309704,42,6285,39.0
1309705,45,6285,40.0
1309706,46,6285,41.0
1309707,48,6285,42.0
1309708,50,6285,43.0
1309709,51,6285,44.0
1309710,52,6285,45.0
1309711,55,6285,46.0
1309712,211,6285,47.0
1309713,56,6285,48.0
1309714,57,6285,49.0
1309715,58,6285,50.0
1309717,59,6285,52.0
1309718,60,6285,53.0
1309719,61,6285,54.0
1309720,62,6285,55.0
1309721,63,6285,56.0
1309722,218,6285,57.0
1309723,64,6285,58.0
1309724,65,6285,59.0
1309725,66,6285,60.0
1309726,225,6285,61.0
1309727,67,6285,62.0
1309728,68,6285,63.0
1309729,69,6285,64.0
1309730,216,6285,65.0
1309731,71,6285,66.0
1309732,72,6285,67.0
1309733,73,6285,68.0
1309734,74,6285,69.0
1309735,222,6285,70.0
1309736,76,6285,71.0
1309737,78,6285,72.0
1309739,214,6285,74.0
1309740,80,6285,75.0
1309741,83,6285,76.0
1309742,86,6285,77.0
1309743,87,6285,78.0
1309744,88,6285,79.0
1309745,89,6285,80.0
1309746,90,6285,81.0
1309747,91,6285,82.0
1309748,92,6285,83.0
1309749,93,6285,84.0
1309750,95,6285,85.0
1309751,96,6285,86.0
1309752,97,6285,87.0
1309753,98,6285,88.0
1309754,99,6285,89.0
1309755,101,6285,90.0
1309756,102,6285,91.0
1309757,104,6285,92.0
1309758,105,6285,93.0
1309759,49,6285,94.0
1309760,106,6285,95.0
1309761,107,6285,96.0
1309762,210,6285,97.0
1309763,108,6285,98.0
1309764,109,6285,99.0
1309765,110,6285,100.0
1309766,111,6285,101.0
1309767,112,6285,102.0
1309768,114,6285,103.0
1309769,115,6285,104.0
1309771,118,6285,106.0
1309772,119,6285,107.0
1309773,120,6285,108.0
1309774,121,6285,109.0
1309775,122,6285,110.0
1309776,124,6285,111.0
1309777,125,6285,112.0
1309778,127,6285,113.0
1309779,129,6285,114.0
1309780,130,6285,115.0
1309782,132,6285,117.0
1309783,133,6285,118.0
1309784,134,6285,119.0
1309785,135,6285,120.0
1309786,136,6285,121.0
1309787,137,6285,122.0
1309788,138,6285,123.0
1309789,139,6285,124.0
1309790,213,6285,125.0
1309791,140,6285,126.0
1309792,141,6285,127.0
1309793,142,6285,128.0
1309794,143,6285,129.0
1309795,144,6285,130.0
1309796,145,6285,131.0
1309797,146,6285,132.0
1309798,147,6285,133.0
1309799,148,6285,134.0
1309800,149,6285,135.0
1309801,150,6285,136.0
1309802,151,6285,137.0
1309803,152,6285,138.0
1309804,158,6285,139.0
1309805,159,6285,140.0
1309806,160,6285,141.0
1309807,161,6285,142.0
1309808,162,6285,143.0
1309809,164,6285,144.0
1309810,217,6285,145.0
1309811,165,6285,146.0
1309812,166,6285,147.0
1309813,167,6285,148.0
1309814,221,6285,149.0
1309815,171,6285,150.0
1309816,209,6285,151.0
1309817,173,6285,152.0
1309818,176,6285,153.0
1309819,177,6285,154.0
1309820,178,6285,155.0
1309821,179,6285,156.0
1309822,180,6285,157.0
1309823,181,6285,158.0
1309824,182,6285,159.0
1309825,183,6285,160.0
1309826,184,6285,161.0
1309828,187,6285,163.0
1309829,188,6285,164.0
1309830,190,6285,165.0
1309831,194,6285,166.0
1309832,196,6285,167.0
1309833,198,6285,168.0
1309834,199,6285,169.0
1309835,202,6285,170.0
1309836,204,6285,171.0
1309837,206,6285,172.0
1309838,207,6285,173.0
1309839,212,6285,174.0
1309840,208,6286,0.0
1309841,4,6286,1.0
1309842,6,6286,2.0
1309843,7,6286,3.0
1309844,8,6286,4.0
1309845,10,6286,5.0
1309846,11,6286,6.0
1309847,12,6286,7.0
1309848,13,6286,8.0
1309849,215,6286,9.0
1309850,14,6286,10.0
1309851,15,6286,11.0
1309852,17,6286,12.0
1309853,19,6286,13.0
1309854,20,6286,14.0
1309855,220,6286,15.0
1309856,18,6286,16.0
1309857,226,6286,17.0
1309858,22,6286,18.0
1309859,23,6286,19.0
1309860,24,6286,20.0
1309861,25,6286,21.0
1309862,223,6286,22.0
1309864,27,6286,24.0
1309865,28,6286,25.0
1309866,29,6286,26.0
1309867,30,6286,27.0
1309868,224,6286,28.0
1309869,31,6286,29.0
1309870,32,6286,30.0
1309871,33,6286,31.0
1309872,35,6286,32.0
1309873,36,6286,33.0
1309874,37,6286,34.0
1309875,38,6286,35.0
1309876,39,6286,36.0
1309877,40,6286,37.0
1309878,41,6286,38.0
1309879,42,6286,39.0
1309880,45,6286,40.0
1309881,46,6286,41.0
1309882,48,6286,42.0
1309883,50,6286,43.0
1309884,51,6286,44.0
1309885,52,6286,45.0
1309886,55,6286,46.0
1309887,211,6286,47.0
1309888,56,6286,48.0
1309889,57,6286,49.0
1309890,58,6286,50.0
1309891,59,6286,51.0
1309892,60,6286,52.0
1309893,61,6286,53.0
1309894,62,6286,54.0
1309895,63,6286,55.0
1309896,218,6286,56.0
1309897,64,6286,57.0
1309898,65,6286,58.0
1309899,66,6286,59.0
1309900,225,6286,60.0
1309902,68,6286,62.0
1309903,69,6286,63.0
1309904,216,6286,64.0
1309905,71,6286,65.0
1309906,72,6286,66.0
1309907,73,6286,67.0
1309908,74,6286,68.0
1309909,222,6286,69.0
1309910,76,6286,70.0
1309911,78,6286,71.0
1309912,214,6286,72.0
1309913,80,6286,73.0
1309914,83,6286,74.0
1309915,86,6286,75.0
1309916,87,6286,76.0
1309917,88,6286,77.0
1309918,89,6286,78.0
1309919,90,6286,79.0
1309920,91,6286,80.0
1309921,92,6286,81.0
1309922,93,6286,82.0
1309923,95,6286,83.0
1309924,96,6286,84.0
1309925,97,6286,85.0
1309926,98,6286,86.0
1309927,99,6286,87.0
1309928,101,6286,88.0
1309929,102,6286,89.0
1309930,104,6286,90.0
1309931,105,6286,91.0
1309932,49,6286,92.0
1309933,106,6286,93.0
1309934,107,6286,94.0
1309935,210,6286,95.0
1309936,108,6286,96.0
1309937,109,6286,97.0
1309938,110,6286,98.0
1309939,111,6286,99.0
1309940,112,6286,100.0
1309941,114,6286,101.0
1309942,115,6286,102.0
1309943,118,6286,103.0
1309944,119,6286,104.0
1309945,120,6286,105.0
1309946,121,6286,106.0
1309947,122,6286,107.0
1309948,124,6286,108.0
1309949,125,6286,109.0
1309950,127,6286,110.0
1309951,129,6286,111.0
1309952,130,6286,112.0
1309953,132,6286,113.0
1309954,133,6286,114.0
1309955,134,6286,115.0
1309957,136,6286,117.0
1309958,137,6286,118.0
1309959,138,6286,119.0
1309960,139,6286,120.0
1309961,213,6286,121.0
1309962,140,6286,122.0
1309963,141,6286,123.0
1309964,142,6286,124.0
1309965,143,6286,125.0
1309966,144,6286,126.0
1309967,145,6286,127.0
1309968,146,6286,128.0
1309969,147,6286,129.0
1309970,148,6286,130.0
1309971,149,6286,131.0
1309972,150,6286,132.0
1309973,151,6286,133.0
1309974,152,6286,134.0
1309975,158,6286,135.0
1309976,159,6286,136.0
1309977,160,6286,137.0
1309978,161,6286,138.0
1309979,162,6286,139.0
1309980,164,6286,140.0
1309981,217,6286,141.0
1309982,165,6286,142.0
1309983,166,6286,143.0
1309984,167,6286,144.0
1309985,221,6286,145.0
1309986,171,6286,146.0
1309987,209,6286,147.0
1309988,173,6286,148.0
1309989,176,6286,149.0
1309990,177,6286,150.0
1309991,178,6286,151.0
1309992,179,6286,152.0
1309993,180,6286,153.0
1309994,181,6286,154.0
1309995,182,6286,155.0
1309996,183,6286,156.0
1309997,184,6286,157.0
1309998,187,6286,158.0
1309999,188,6286,159.0
1310000,190,6286,160.0
1310001,194,6286,161.0
1310002,196,6286,162.0
1310003,198,6286,163.0
1310004,199,6286,164.0
1310005,202,6286,165.0
1310006,204,6286,166.0
1310007,206,6286,167.0
1310008,207,6286,168.0
1310009,212,6286,169.0
1310186,203,6286,171.0
1310188,208,6288,0.0
1310189,4,6288,1.0
1310190,6,6288,2.0
1310191,7,6288,3.0
1310192,8,6288,4.0
1310193,10,6288,5.0
1310194,11,6288,6.0
1310195,12,6288,7.0
1310196,13,6288,8.0
1310197,215,6288,9.0
1310198,14,6288,10.0
1310199,15,6288,11.0
1310200,17,6288,12.0
1310201,19,6288,13.0
1310202,20,6288,14.0
1310203,220,6288,15.0
1310204,18,6288,16.0
1310205,226,6288,17.0
1310206,22,6288,18.0
1310207,23,6288,19.0
1310208,24,6288,20.0
1310209,25,6288,21.0
1310210,223,6288,22.0
1310212,27,6288,24.0
1310213,28,6288,25.0
1310214,29,6288,26.0
1310215,30,6288,27.0
1310216,224,6288,28.0
1310217,31,6288,29.0
1310218,32,6288,30.0
1310219,33,6288,31.0
1310220,35,6288,32.0
1310221,36,6288,33.0
1310222,37,6288,34.0
1310223,38,6288,35.0
1310224,39,6288,36.0
1310225,40,6288,37.0
1310226,41,6288,38.0
1310227,42,6288,39.0
1310228,45,6288,40.0
1310229,46,6288,41.0
1310230,48,6288,42.0
1310231,50,6288,43.0
1310232,51,6288,44.0
1310233,52,6288,45.0
1310234,55,6288,46.0
1310235,211,6288,47.0
1310236,56,6288,48.0
1310237,57,6288,49.0
1310238,58,6288,50.0
1310239,59,6288,51.0
1310240,60,6288,52.0
1310241,61,6288,53.0
1310242,62,6288,54.0
1310243,63,6288,55.0
1310244,218,6288,56.0
1310245,64,6288,57.0
1310246,65,6288,58.0
1310247,66,6288,59.0
1310248,225,6288,60.0
1310250,68,6288,62.0
1310251,69,6288,63.0
1310252,216,6288,64.0
1310253,71,6288,65.0
1310254,72,6288,66.0
1310255,73,6288,67.0
1310256,74,6288,68.0
1310257,222,6288,69.0
1310258,76,6288,70.0
1310259,78,6288,71.0
1310260,214,6288,72.0
1310261,80,6288,73.0
1310262,83,6288,74.0
1310263,86,6288,75.0
1310264,87,6288,76.0
1310265,88,6288,77.0
1310266,89,6288,78.0
1310267,90,6288,79.0
1310268,91,6288,80.0
1310269,92,6288,81.0
1310270,93,6288,82.0
1310271,95,6288,83.0
1310272,96,6288,84.0
1310273,97,6288,85.0
1310274,98,6288,86.0
1310275,99,6288,87.0
1310276,101,6288,88.0
1310277,102,6288,89.0
1310278,104,6288,90.0
1310279,105,6288,91.0
1310280,49,6288,92.0
1310281,106,6288,93.0
1310282,107,6288,94.0
1310283,210,6288,95.0
1310284,108,6288,96.0
1310285,109,6288,97.0
1310286,110,6288,98.0
1310287,111,6288,99.0
1310288,112,6288,100.0
1310289,114,6288,101.0
1310290,115,6288,102.0
1310291,118,6288,103.0
1310292,119,6288,104.0
1310293,120,6288,105.0
1310294,121,6288,106.0
1310295,122,6288,107.0
1310296,124,6288,108.0
1310297,125,6288,109.0
1310298,127,6288,110.0
1310299,129,6288,111.0
1310300,130,6288,112.0
1310301,132,6288,113.0
1310302,133,6288,114.0
1310303,134,6288,115.0
1310305,136,6288,117.0
1310306,137,6288,118.0
1310307,138,6288,119.0
1310308,139,6288,120.0
1310309,213,6288,121.0
1310310,140,6288,122.0
1310311,141,6288,123.0
1310312,142,6288,124.0
1310313,143,6288,125.0
1310314,144,6288,126.0
1310315,145,6288,127.0
1310316,146,6288,128.0
1310317,147,6288,129.0
1310318,148,6288,130.0
1310319,149,6288,131.0
1310320,150,6288,132.0
1310321,151,6288,133.0
1310322,152,6288,134.0
1310323,158,6288,135.0
1310324,159,6288,136.0
1310325,160,6288,137.0
1310326,161,6288,138.0
1310327,162,6288,139.0
1310328,164,6288,140.0
1310329,217,6288,141.0
1310330,165,6288,142.0
1310331,166,6288,143.0
1310332,167,6288,144.0
1310333,221,6288,145.0
1310334,171,6288,146.0
1310335,209,6288,147.0
1310336,173,6288,148.0
1310337,176,6288,149.0
1310338,177,6288,150.0
1310339,178,6288,151.0
1310340,179,6288,152.0
1310341,180,6288,153.0
1310342,181,6288,154.0
1310343,182,6288,155.0
1310344,183,6288,156.0
1310345,184,6288,157.0
1310346,187,6288,158.0
1310347,188,6288,159.0
1310348,190,6288,160.0
1310349,194,6288,161.0
1310350,196,6288,162.0
1310351,198,6288,163.0
1310352,199,6288,164.0
1310353,202,6288,165.0
1310354,204,6288,166.0
1310355,206,6288,167.0
1310356,207,6288,168.0
1310357,212,6288,169.0
1310358,219,6288,170.0
1310359,203,6288,171.0
1310360,208,6289,0.0
1310361,4,6289,1.0
1310362,6,6289,2.0
1310363,7,6289,3.0
1310364,8,6289,4.0
1310365,10,6289,5.0
1310366,11,6289,6.0
1310367,12,6289,7.0
1310368,13,6289,8.0
1310369,215,6289,9.0
1310370,14,6289,10.0
1310371,15,6289,11.0
1310372,17,6289,12.0
1310373,19,6289,13.0
1310374,20,6289,14.0
1310375,220,6289,15.0
1310376,18,6289,16.0
1310377,226,6289,17.0
1310378,22,6289,18.0
1310379,23,6289,19.0
1310380,24,6289,20.0
1310381,25,6289,21.0
1310382,223,6289,22.0
1310383,27,6289,23.0
1310384,28,6289,24.0
1310385,29,6289,25.0
1310386,30,6289,26.0
1310387,224,6289,27.0
1310388,31,6289,28.0
1310389,32,6289,29.0
1310390,33,6289,30.0
1310391,35,6289,31.0
1310392,36,6289,32.0
1310393,37,6289,33.0
1310394,38,6289,34.0
1310395,39,6289,35.0
1310396,40,6289,36.0
1310397,41,6289,37.0
1310398,42,6289,38.0
1310399,45,6289,39.0
1310400,46,6289,40.0
1310401,48,6289,41.0
1310402,50,6289,42.0
1310403,51,6289,43.0
1310404,52,6289,44.0
1310405,55,6289,45.0
1310406,211,6289,46.0
1310407,56,6289,47.0
1310408,57,6289,48.0
1310409,58,6289,49.0
1310410,203,6289,50.0
1310411,59,6289,51.0
1310412,60,6289,52.0
1310413,61,6289,53.0
1310414,62,6289,54.0
1310415,63,6289,55.0
1310416,218,6289,56.0
1310417,64,6289,57.0
1310418,65,6289,58.0
1310419,66,6289,59.0
1310420,225,6289,60.0
1310421,68,6289,61.0
1310422,69,6289,62.0
1310423,216,6289,63.0
1310424,71,6289,64.0
1310425,72,6289,65.0
1310426,73,6289,66.0
1310427,74,6289,67.0
1310428,222,6289,68.0
1310429,76,6289,69.0
1310430,78,6289,70.0
1310431,214,6289,71.0
1310432,80,6289,72.0
1310433,83,6289,73.0
1310434,86,6289,74.0
1310435,87,6289,75.0
1310436,88,6289,76.0
1310437,89,6289,77.0
1310438,90,6289,78.0
1310439,91,6289,79.0
1310440,92,6289,80.0
1310441,93,6289,81.0
1310442,95,6289,82.0
1310443,96,6289,83.0
1310444,97,6289,84.0
1310445,98,6289,85.0
1310446,99,6289,86.0
1310447,101,6289,87.0
1310448,102,6289,88.0
1310449,104,6289,89.0
1310450,105,6289,90.0
1310451,49,6289,91.0
1310452,106,6289,92.0
1310453,107,6289,93.0
1310454,210,6289,94.0
1310455,108,6289,95.0
1310456,109,6289,96.0
1310457,110,6289,97.0
1310458,111,6289,98.0
1310459,112,6289,99.0
1310460,114,6289,100.0
1310461,115,6289,101.0
1310462,118,6289,102.0
1310463,119,6289,103.0
1310464,120,6289,104.0
1310465,121,6289,105.0
1310466,122,6289,106.0
1310467,124,6289,107.0
1310468,125,6289,108.0
1310469,127,6289,109.0
1310470,129,6289,110.0
1310471,130,6289,111.0
1310472,219,6289,112.0
1310473,132,6289,113.0
1310474,133,6289,114.0
1310475,134,6289,115.0
1310476,136,6289,116.0
1310477,137,6289,117.0
1310478,138,6289,118.0
1310479,139,6289,119.0
1310480,213,6289,120.0
1310481,140,6289,121.0
1310482,141,6289,122.0
1310483,142,6289,123.0
1310484,143,6289,124.0
1310485,144,6289,125.0
1310486,145,6289,126.0
1310487,146,6289,127.0
1310488,147,6289,128.0
1310489,148,6289,129.0
1310490,149,6289,130.0
1310491,150,6289,131.0
1310492,151,6289,132.0
1310493,152,6289,133.0
1310494,158,6289,134.0
1310495,159,6289,135.0
1310496,160,6289,136.0
1310497,161,6289,137.0
1310498,162,6289,138.0
1310499,164,6289,139.0
1310500,217,6289,140.0
1310501,165,6289,141.0
1310502,166,6289,142.0
1310503,167,6289,143.0
1310504,221,6289,144.0
1310505,171,6289,145.0
1310506,209,6289,146.0
1310507,173,6289,147.0
1310508,176,6289,148.0
1310509,177,6289,149.0
1310510,178,6289,150.0
1310511,179,6289,151.0
1310512,180,6289,152.0
1310513,181,6289,153.0
1310514,182,6289,154.0
1310515,183,6289,155.0
1310516,184,6289,156.0
1310517,187,6289,157.0
1310518,188,6289,158.0
1310519,190,6289,159.0
1310520,194,6289,160.0
1310521,196,6289,161.0
1310522,198,6289,162.0
1310523,199,6289,163.0
1310524,202,6289,164.0
1310525,204,6289,165.0
1310526,206,6289,166.0
1310527,207,6289,167.0
1310528,212,6289,168.0
1310529,186,6289,169.0
1310530,208,6290,0.0
1310531,4,6290,1.0
1310532,6,6290,2.0
1310533,7,6290,3.0
1310534,8,6290,4.0
1310535,10,6290,5.0
1310536,11,6290,6.0
1310537,12,6290,7.0
1310538,13,6290,8.0
1310539,215,6290,9.0
1310540,14,6290,10.0
1310541,15,6290,11.0
1310542,17,6290,12.0
1310543,19,6290,13.0
1310544,20,6290,14.0
1310545,220,6290,15.0
1310546,18,6290,16.0
1310547,226,6290,17.0
1310548,22,6290,18.0
1310549,23,6290,19.0
1310550,24,6290,20.0
1310551,25,6290,21.0
1310552,223,6290,22.0
1310553,27,6290,23.0
1310554,28,6290,24.0
1310555,29,6290,25.0
1310556,30,6290,26.0
1310557,224,6290,27.0
1310558,31,6290,28.0
1310559,32,6290,29.0
1310560,33,6290,30.0
1310561,35,6290,31.0
1310562,36,6290,32.0
1310563,37,6290,33.0
1310564,38,6290,34.0
1310565,39,6290,35.0
1310566,40,6290,36.0
1310567,41,6290,37.0
1310568,42,6290,38.0
1310569,45,6290,39.0
1310570,46,6290,40.0
1310571,48,6290,41.0
1310572,50,6290,42.0
1310573,51,6290,43.0
1310574,52,6290,44.0
1310575,55,6290,45.0
1310576,211,6290,46.0
1310577,56,6290,47.0
1310578,57,6290,48.0
1310579,58,6290,49.0
1310580,203,6290,50.0
1310581,59,6290,51.0
1310582,60,6290,52.0
1310583,61,6290,53.0
1310584,62,6290,54.0
1310585,63,6290,55.0
1310586,218,6290,56.0
1310587,64,6290,57.0
1310588,65,6290,58.0
1310589,66,6290,59.0
1310590,225,6290,60.0
1310591,68,6290,61.0
1310592,69,6290,62.0
1310593,216,6290,63.0
1310594,71,6290,64.0
1310595,72,6290,65.0
1310596,73,6290,66.0
1310597,74,6290,67.0
1310598,222,6290,68.0
1310599,76,6290,69.0
1310600,78,6290,70.0
1310601,186,6290,71.0
1310602,214,6290,72.0
1310603,80,6290,73.0
1310604,83,6290,74.0
1310605,86,6290,75.0
1310606,87,6290,76.0
1310607,88,6290,77.0
1310608,89,6290,78.0
1310609,90,6290,79.0
1310610,91,6290,80.0
1310611,92,6290,81.0
1310612,93,6290,82.0
1310613,95,6290,83.0
1310614,96,6290,84.0
1310615,97,6290,85.0
1310616,98,6290,86.0
1310617,99,6290,87.0
1310618,101,6290,88.0
1310619,102,6290,89.0
1310620,104,6290,90.0
1310621,105,6290,91.0
1310622,49,6290,92.0
1310623,106,6290,93.0
1310624,107,6290,94.0
1310625,210,6290,95.0
1310626,108,6290,96.0
1310627,109,6290,97.0
1310628,110,6290,98.0
1310629,111,6290,99.0
1310630,112,6290,100.0
1310631,114,6290,101.0
1310632,115,6290,102.0
1310633,118,6290,103.0
1310634,119,6290,104.0
1310635,120,6290,105.0
1310636,121,6290,106.0
1310637,122,6290,107.0
1310638,124,6290,108.0
1310639,125,6290,109.0
1310640,127,6290,110.0
1310641,129,6290,111.0
1310642,130,6290,112.0
1310643,219,6290,113.0
1310644,132,6290,114.0
1310645,133,6290,115.0
1310646,134,6290,116.0
1310647,136,6290,117.0
1310648,137,6290,118.0
1310649,138,6290,119.0
1310650,139,6290,120.0
1310651,213,6290,121.0
1310652,140,6290,122.0
1310653,141,6290,123.0
1310654,142,6290,124.0
1310655,143,6290,125.0
1310656,144,6290,126.0
1310657,145,6290,127.0
1310658,146,6290,128.0
1310659,147,6290,129.0
1310660,148,6290,130.0
1310661,149,6290,131.0
1310662,150,6290,132.0
1310663,151,6290,133.0
1310664,152,6290,134.0
1310665,158,6290,135.0
1310666,159,6290,136.0
1310667,160,6290,137.0
1310668,161,6290,138.0
1310669,162,6290,139.0
1310670,164,6290,140.0
1310671,217,6290,141.0
1310672,165,6290,142.0
1310673,166,6290,143.0
1310674,167,6290,144.0
1310675,221,6290,145.0
1310676,171,6290,146.0
1310677,209,6290,147.0
1310678,173,6290,148.0
1310679,176,6290,149.0
1310680,177,6290,150.0
1310681,178,6290,151.0
1310682,179,6290,152.0
1310683,180,6290,153.0
1310684,181,6290,154.0
1310685,182,6290,155.0
1310686,183,6290,156.0
1310687,184,6290,157.0
1310688,187,6290,158.0
1310689,188,6290,159.0
1310690,190,6290,160.0
1310691,194,6290,161.0
1310692,196,6290,162.0
1310693,198,6290,163.0
1310694,199,6290,164.0
1310695,202,6290,165.0
1310696,204,6290,166.0
1310697,206,6290,167.0
1310698,207,6290,168.0
1310699,212,6290,169.0
